type,question,answer,frequently_answer,,,
9天后是否收费,学完/上完9天课之后要钱么？,这9天是免费的，我们后面有收费的课，你可以根据你自己的情况，决定要不要报名学习，你自己决定，现在是免费课，先听免费的，之后的课你自己再决定就好,1,,,
9天后是否收费,九天后再上课是不是就要钱了，对吧,这9天是免费的，我们后面有收费的课，你可以根据你自己的情况，决定要不要报名学习，你自己决定，现在是免费课，先听免费的，之后的课你自己再决定就好,1,,,
9天后是否收费,后面是不是要交两千多块去啊,这9天是免费的，我们后面有收费的课，你可以根据你自己的情况，决定要不要报名学习，你自己决定，现在是免费课，先听免费的，之后的课你自己再决定就好,1,,,
9天后是否收费,那9天后就要收费是吗？,这9天是免费的，我们后面有收费的课，你可以根据你自己的情况，决定要不要报名学习，你自己决定，现在是免费课，先听免费的，之后的课你自己再决定就好,1,,,
9天后是否收费,后期是不是收费,这9天是免费的，我们后面有收费的课，你可以根据你自己的情况，决定要不要报名学习，你自己决定，现在是免费课，先听免费的，之后的课你自己再决定就好,1,,,
9天后是否收费,免学费一期，那第二期是要钱吗,这9天是免费的，我们后面有收费的课，你可以根据你自己的情况，决定要不要报名学习，你自己决定，现在是免费课，先听免费的，之后的课你自己再决定就好,1,,,
不识字,认识字少的很,我们是通过线上课来学习，有很多文字分享内容，您如果识字不多学习上可能比较吃力，您可以根据自己情况决定是否学习,0,,,
不识字,我不认识字,我们是通过线上课来学习，有很多文字分享内容，您如果识字不多学习上可能比较吃力，您可以根据自己情况决定是否学习,0,,,
不识字,我不识字能学吗,我们是通过线上课来学习，有很多文字分享内容，您如果识字不多学习上可能比较吃力，您可以根据自己情况决定是否学习,0,,,
电话信息,你们是怎么知道我的电话的？,同学，老师不知道你的电话哈，是你这边自己报名以后，我们系统显示你报名成功的，我这边只能看到你的微信名字看不到具体电话,0,,,
电话信息,你们怎么得到我的信息的？,同学，老师不知道你的电话哈，是你这边自己报名以后，我们系统显示你报名成功的，我这边只能看到你的微信名字看不到具体电话,0,,,
电脑上课,要用到电脑吗,不用的哈,0,,,
电脑上课,电脑不可以进吗,电脑不可以上课哦，只能用手机或者平板,1,,,
电脑上课,电脑能上课么,电脑不可以上课哦，只能用手机或者平板,1,,,
电脑上课,电脑上可以听吗,电脑不可以上课哦，只能用手机或者平板,1,,,
电脑上课,可以用电脑上课吗？,电脑不可以上课哦，只能用手机或者平板,1,,,
电脑上课,为什么电脑看不了啊,电脑不可以上课哦，只能用手机或者平板,1,,,
电脑上课,电脑为什么不能看？,同学，不好意思哈，咱们的课程直播只能用用手机和平板观看哈，电脑端口是我们班主任用来监课的哈,0,,,
电脑上课,为啥电脑的微信不能看,同学，不好意思哈，咱们的课程直播只能用用手机和平板观看哈，电脑端口是我们班主任用来监课的哈,0,,,
二次上门,你好老师，我原来听过启牛学堂的课，比如梁老师讲的，这次和以前讲的一样吗？,同学我不太清楚您之前什么时候学过的，但是您可以听听我们这次的课程，本次讲课会干货实操多一点，您可以把时间安排好,0,,,
发货时间,什么时候邮寄,咱们同学，咱们按时上完第一课，第二天就可以登记地址，坚持学习就会免费包邮到家的,0,,,
发货时间,书籍什么时间发给我,准时参加第一节课，第二天我会统一收集地址，到时候安排免费邮寄,0,,,
放弃福利,不要哪个书籍可以吗,可以的，那咱可以准时听课吗？,1,,,
放弃福利,那老师你发的这个书我没有啊,可以的，那咱可以准时听课吗？,1,,,
放弃福利,书我有了，不用发了,可以的，那咱可以准时听课吗？,1,,,
放弃福利,这个书我不要了,可以的，那咱可以准时听课吗？,1,,,
费用,要邮费吗？,书是免费赠送的，并免费包邮到家的哈,1,,,
费用,这书籍要钱吗？,书是免费赠送的，并免费包邮到家的哈,1,,,
费用,你们包邮，免费邮？,书是免费赠送的，并免费包邮到家的哈,1,,,
费用,收邮费么/要钱么？需要花钱么,书是免费赠送的，并免费包邮到家的哈,1,,,
费用,是免费邮寄么,书是免费赠送的，并免费包邮到家的哈,1,,,
费用,实物是免邮的，还是要付邮,书是免费赠送的，并免费包邮到家的哈,1,,,
费用,资料包运费吗,书是免费赠送的，并免费包邮到家的哈,1,,,
费用,老师包邮到家的两本纸质理财手册收钱吗？,书是免费赠送的，并免费包邮到家的哈,1,,,
费用,书籍要钱了吗？,书是免费赠送的，并免费包邮到家的哈,1,,,
费用,老师邮寄书籍需要多少钱,书是免费赠送的，并免费包邮到家的哈,1,,,
费用,可以上课，书籍是包邮的吗？还是到付的,书是免费赠送的，并免费包邮到家的哈,1,,,
费用,包邮到家的理财书吗,书是免费赠送的，并免费包邮到家的哈,1,,,
费用,下午5点上班到零晨1点半，其它时间可以考虑，需要交钱吗？,咱们这9天课程和邮寄手册都是免费的不花钱的哈，无任何套路，你放心学习就行,1,,,
费用,我在网上查上俩三节课之后就收2000多块，你会这样吗？,咱们这9天课程和邮寄手册都是免费的不花钱的哈，无任何套路，你放心学习就行,1,,,
费用,期间有额外收费吗？,咱们这9天课程和邮寄手册都是免费的不花钱的哈，无任何套路，你放心学习就行,1,,,
费用,要费用吗？？,咱们这9天课程和邮寄手册都是免费的不花钱的哈，无任何套路，你放心学习就行,1,,,
费用,要收学费吗？,咱们这9天课程和邮寄手册都是免费的不花钱的哈，无任何套路，你放心学习就行,1,,,
费用,我听我朋友说，听这个中间，还要交钱的，是真的吗？,咱们这9天课程和邮寄手册都是免费的不花钱的哈，无任何套路，你放心学习就行,1,,,
费用,就是说9天后收费，是这个意思么？,咱们这9天课程和邮寄手册都是免费的不花钱的哈，无任何套路，你放心学习就行,1,,,
费用,不收取任何费用吗,咱们这9天课程和邮寄手册都是免费的不花钱的哈，无任何套路，你放心学习就行,1,,,
费用,我花多少钱？,咱们这9天课程和邮寄手册都是免费的不花钱的哈，无任何套路，你放心学习就行,1,,,
费用,真的免费么,咱们这9天课程和邮寄手册都是免费的不花钱的哈，无任何套路，你放心学习就行,1,,,
费用,可以免费学懂吗,咱们这9天课程和邮寄手册都是免费的不花钱的哈，无任何套路，你放心学习就行,1,,,
费用,你好，听课后，收费吗？,咱们这9天课程和邮寄手册都是免费的不花钱的哈，无任何套路，你放心学习就行,1,,,
费用,书籍本身要收费吗？,咱们这9天课程和邮寄手册都是免费的不花钱的哈，无任何套路，你放心学习就行,1,,,
费用,上课要收费的吗？,咱们这9天课程和邮寄手册都是免费的不花钱的哈，无任何套路，你放心学习就行,1,,,
费用,不要钱吧,咱们这9天课程和邮寄手册都是免费的不花钱的哈，无任何套路，你放心学习就行,1,,,
费用,要钱么,咱们这9天课程和邮寄手册都是免费的不花钱的哈，无任何套路，你放心学习就行,1,,,
费用,免费的，视频吗？,咱们这9天课程和邮寄手册都是免费的不花钱的哈，无任何套路，你放心学习就行,1,,,
费用,要钱不,咱们这9天课程和邮寄手册都是免费的不花钱的哈，无任何套路，你放心学习就行,1,,,
费用,需要费用吗？,咱们这9天课程和邮寄手册都是免费的不花钱的哈，无任何套路，你放心学习就行,1,,,
费用,需要交钱吗？,咱们这9天课程和邮寄手册都是免费的不花钱的哈，无任何套路，你放心学习就行,1,,,
费用,好的书要钱吗？,咱们这9天课程和邮寄手册都是免费的不花钱的哈，无任何套路，你放心学习就行,1,,,
费用,老师，资料要钱买吗？,咱们这9天课程和邮寄手册都是免费的不花钱的哈，无任何套路，你放心学习就行,1,,,
费用,你说的是真的吗，是不还要交钱,咱们这9天课程和邮寄手册都是免费的不花钱的哈，无任何套路，你放心学习就行,1,,,
费用,需要什么费用吗,咱们这9天课程和邮寄手册都是免费的不花钱的哈，无任何套路，你放心学习就行,1,,,
费用,需要交学费吗？,咱们这9天课程和邮寄手册都是免费的不花钱的哈，无任何套路，你放心学习就行,1,,,
费用,资料收钱么,咱们这9天课程和邮寄手册都是免费的不花钱的哈，无任何套路，你放心学习就行,1,,,
费用,真的不要钱吗？,咱们这9天课程和邮寄手册都是免费的不花钱的哈，无任何套路，你放心学习就行,1,,,
费用,你们不是免费送书吗？,咱们这9天课程和邮寄手册都是免费的不花钱的哈，无任何套路，你放心学习就行,1,,,
费用,书是免费送的吗,咱们这9天课程和邮寄手册都是免费的不花钱的哈，无任何套路，你放心学习就行,1,,,
费用,领书是免费的吗？,咱们这9天课程和邮寄手册都是免费的不花钱的哈，无任何套路，你放心学习就行,1,,,
费用,都是免费的么？,咱们这9天课程和邮寄手册都是免费的不花钱的哈，无任何套路，你放心学习就行,1,,,
费用,书籍是免费的吗,咱们这9天课程和邮寄手册都是免费的不花钱的哈，无任何套路，你放心学习就行,1,,,
费用,你不会收我任何费用吧,咱们这9天课程和邮寄手册都是免费的不花钱的哈，无任何套路，你放心学习就行,1,,,
费用,是不是不用费用的吧,咱们这9天课程和邮寄手册都是免费的不花钱的哈，无任何套路，你放心学习就行,1,,,
费用,听完了是不是要钱,咱们这9天课程和邮寄手册都是免费的不花钱的哈，无任何套路，你放心学习就行,1,,,
费用,这是免费的吗？,咱们这9天课程和邮寄手册都是免费的不花钱的哈，无任何套路，你放心学习就行,1,,,
费用,真是全免费吗,咱们这9天课程和邮寄手册都是免费的不花钱的哈，无任何套路，你放心学习就行,1,,,
费用,这个是免费的吗？,咱们这9天课程和邮寄手册都是免费的不花钱的哈，无任何套路，你放心学习就行,1,,,
费用,不是免费送吗？,咱们这9天课程和邮寄手册都是免费的不花钱的哈，无任何套路，你放心学习就行,1,,,
费用,免费学习，还要钱吗？,咱们这9天课程和邮寄手册都是免费的不花钱的哈，无任何套路，你放心学习就行,1,,,
费用,领书要付费吗？,咱们这9天课程和邮寄手册都是免费的不花钱的哈，无任何套路，你放心学习就行,1,,,
费用,你这课程是免费的还是要付款,咱们这9天课程和邮寄手册都是免费的不花钱的哈，无任何套路，你放心学习就行,1,,,
费用,你这课要钱吗,咱们这9天课程和邮寄手册都是免费的不花钱的哈，无任何套路，你放心学习就行,1,,,
费用,是不是收费呀,咱们这9天课程和邮寄手册都是免费的不花钱的哈，无任何套路，你放心学习就行,1,,,
费用,是免费的还是出钱的,咱们这9天课程和邮寄手册都是免费的不花钱的哈，无任何套路，你放心学习就行,1,,,
费用,为什么理财，还要报名费那有免费的午餐,咱们这9天课程和邮寄手册都是免费的不花钱的哈，无任何套路，你放心学习就行,1,,,
费用,我们不出费吧？,咱们这9天课程和邮寄手册都是免费的不花钱的哈，无任何套路，你放心学习就行,1,,,
费用,要交钱吗,咱们这9天课程和邮寄手册都是免费的不花钱的哈，无任何套路，你放心学习就行,1,,,
费用,这个要钱的吗,咱们这9天课程和邮寄手册都是免费的不花钱的哈，无任何套路，你放心学习就行,1,,,
费用,之后还要交费吗,咱们这9天课程和邮寄手册都是免费的不花钱的哈，无任何套路，你放心学习就行,1,,,
费用,不收费吧,咱们这9天课程和邮寄手册都是免费的不花钱的哈，无任何套路，你放心学习就行,1,,,
费用,要交多少钱,咱们这9天课程和邮寄手册都是免费的不花钱的哈，无任何套路，你放心学习就行,1,,,
费用,不要钱，对吗？,咱们这9天课程和邮寄手册都是免费的不花钱的哈，无任何套路，你放心学习就行,1,,,
费用,不要钱的嘛？,咱们这9天课程和邮寄手册都是免费的不花钱的哈，无任何套路，你放心学习就行,1,,,
费用,还需要另外交钱吗,咱们这9天课程和邮寄手册都是免费的不花钱的哈，无任何套路，你放心学习就行,1,,,
费用,是不是要交钱,咱们这9天课程和邮寄手册都是免费的不花钱的哈，无任何套路，你放心学习就行,1,,,
费用,书籍要钱吗？,咱们这9天课程和邮寄手册都是免费的不花钱的哈，无任何套路，你放心学习就行,1,,,
费用,这个需要多少钱呢,咱们这9天课程和邮寄手册都是免费的不花钱的哈，无任何套路，你放心学习就行,1,,,
费用,哦花钱吗,咱们这9天课程和邮寄手册都是免费的不花钱的哈，无任何套路，你放心学习就行,1,,,
费用,这是多少钱报的？,咱们这9天课程和邮寄手册都是免费的不花钱的哈，无任何套路，你放心学习就行,1,,,
费用,我就是不知道是真是假免费学习吗？,咱们这9天课程和邮寄手册都是免费的不花钱的哈，无任何套路，你放心学习就行,1,,,
费用,免费吗,咱们这9天课程和邮寄手册都是免费的不花钱的哈，无任何套路，你放心学习就行,1,,,
费用,扣费吗？,咱们这9天课程和邮寄手册都是免费的不花钱的哈，无任何套路，你放心学习就行,1,,,
费用,是真正的免费教程吗,咱们这9天课程和邮寄手册都是免费的不花钱的哈，无任何套路，你放心学习就行,1,,,
费用,课程收费吗？,咱们这9天课程和邮寄手册都是免费的不花钱的哈，无任何套路，你放心学习就行,1,,,
费用,课程要钱吗?,咱们这9天课程和邮寄手册都是免费的不花钱的哈，无任何套路，你放心学习就行,1,,,
费用,课程要钱吗？,咱们这9天课程和邮寄手册都是免费的不花钱的哈，无任何套路，你放心学习就行,1,,,
费用,你这个要钱吗？,咱们这9天课程和邮寄手册都是免费的不花钱的哈，无任何套路，你放心学习就行,1,,,
费用,收费吗？,咱们这9天课程和邮寄手册都是免费的不花钱的哈，无任何套路，你放心学习就行,1,,,
费用,要钱吗？,咱们这9天课程和邮寄手册都是免费的不花钱的哈，无任何套路，你放心学习就行,1,,,
费用,真的免费吗？,咱们这9天课程和邮寄手册都是免费的不花钱的哈，无任何套路，你放心学习就行,1,,,
费用,要学费不,咱们这9天课程和邮寄手册都是免费的不花钱的哈，无任何套路，你放心学习就行,1,,,
费用,参加就要交学费了，想学实操要交钱吧,咱们这9天课程和邮寄手册都是免费的不花钱的哈，无任何套路，你放心学习就行,1,,,
费用,白听吗？收费吗？,咱们这9天课程和邮寄手册都是免费的不花钱的哈，无任何套路，你放心学习就行,1,,,
费用,你们这个一套学下来要多少钱？,咱们这9天课程和邮寄手册都是免费的不花钱的哈，无任何套路，你放心学习就行,1,,,
费用,是不是很贵？,咱们这9天课程和邮寄手册都是免费的不花钱的哈，无任何套路，你放心学习就行,1,,,
费用,要收费，，吗,咱们这9天课程和邮寄手册都是免费的不花钱的哈，无任何套路，你放心学习就行,1,,,
费用,用不用投钱？,咱们这9天课程和邮寄手册都是免费的不花钱的哈，无任何套路，你放心学习就行,1,,,
费用,是免费领取书吗不会要钱吧,咱们这9天课程和邮寄手册都是免费的不花钱的哈，无任何套路，你放心学习就行,1,,,
费用,请问老师，领书是免费的吗,咱们这9天课程和邮寄手册都是免费的不花钱的哈，无任何套路，你放心学习就行,1,,,
费用,需要收费吗,咱们这9天课程和邮寄手册都是免费的不花钱的哈，无任何套路，你放心学习就行,1,,,
费用,要不要钱,咱们这9天课程和邮寄手册都是免费的不花钱的哈，无任何套路，你放心学习就行,1,,,
费用,过几天会要钱吗,咱们这9天课程和邮寄手册都是免费的不花钱的哈，无任何套路，你放心学习就行,1,,,
费用,好，要交费吗？,咱们这9天课程和邮寄手册都是免费的不花钱的哈，无任何套路，你放心学习就行,1,,,
费用,后面会收费吗？,咱们这9天课程和邮寄手册都是免费的不花钱的哈，无任何套路，你放心学习就行,1,,,
费用,会不会要钱,咱们这9天课程和邮寄手册都是免费的不花钱的哈，无任何套路，你放心学习就行,1,,,
费用,礼包要钱吗？,咱们这9天课程和邮寄手册都是免费的不花钱的哈，无任何套路，你放心学习就行,1,,,
费用,要多少钱,咱们这9天课程和邮寄手册都是免费的不花钱的哈，无任何套路，你放心学习就行,1,,,
费用,如果是要钱我就不上了,咱们这9天课程和邮寄手册都是免费的不花钱的哈，无任何套路，你放心学习就行,1,,,
费用,尊敬的老师，光听课不交学费是不会给我资料的,咱们这9天课程和邮寄手册都是免费的不花钱的哈，无任何套路，你放心学习就行,1,,,
费用,收邮费么/要钱么？需要花钱么,咱们这9天课程和邮寄手册都是免费的不花钱的哈，无任何套路，你放心学习就行,1,,,1
费用,报名费多少钱呢？,咱们这9天课程和邮寄手册都是免费的不花钱的哈，无任何套路，你放心学习就行,1,,,
费用,如果是付钱我就拉黑,咱们这9天课程和邮寄手册都是免费的不花钱的哈，无任何套路，你放心学习就行,1,,,
费用,可以，全程不收费吗,咱们这9天课程和邮寄手册都是免费的不花钱的哈，无任何套路，你放心学习就行,1,,,
费用,己听，老师请问下资料要付費吗？,咱们这9天课程和邮寄手册都是免费的不花钱的哈，无任何套路，你放心学习就行,1,,,
费用,另收费吗？,咱们这9天课程和邮寄手册都是免费的不花钱的哈，无任何套路，你放心学习就行,1,,,
费用,什么时候需要交学费？学完后用不用交？,咱们这9天课程和邮寄手册都是免费的不花钱的哈，无任何套路，你放心学习就行,1,,,
费用,总不会什么都免费吧，后期会不会有收费？,咱们这9天课程和邮寄手册都是免费的不花钱的哈，无任何套路，你放心学习就行,1,,,
费用,还需要我交什么费用吗？,咱们这9天课程和邮寄手册都是免费的不花钱的哈，无任何套路，你放心学习就行,1,,,
费用,是免费的吧老师,咱们这9天课程和邮寄手册都是免费的不花钱的哈，无任何套路，你放心学习就行,1,,,
费用,老师，书也是免费发的吗？,咱们这9天课程和邮寄手册都是免费的不花钱的哈，无任何套路，你放心学习就行,1,,,
费用,上课需要另外收费吗,咱们这9天课程和邮寄手册都是免费的不花钱的哈，无任何套路，你放心学习就行,1,,,
费用,收费吗,咱们这9天课程和邮寄手册都是免费的不花钱的哈，无任何套路，你放心学习就行,1,,,
费用,上课需要收费吗,咱们这9天课程和邮寄手册都是免费的不花钱的哈，无任何套路，你放心学习就行,1,,,
费用,还须要钱吗,咱们这9天课程和邮寄手册都是免费的不花钱的哈，无任何套路，你放心学习就行,1,,,
费用,来听你的课，要不要钱的呢,咱们这9天课程和邮寄手册都是免费的不花钱的哈，无任何套路，你放心学习就行,1,,,
费用,收钱吗,咱们这9天课程和邮寄手册都是免费的不花钱的哈，无任何套路，你放心学习就行,1,,,
费用,书籍免费发送吗,咱们这9天课程和邮寄手册都是免费的不花钱的哈，无任何套路，你放心学习就行,1,,,
费用,我没什么钱可以吗？要学费吗老师？,咱们这9天课程和邮寄手册都是免费的不花钱的哈，无任何套路，你放心学习就行,1,,,
费用,需要多少钱呢,咱们这9天课程和邮寄手册都是免费的不花钱的哈，无任何套路，你放心学习就行,1,,,
费用,要收费吗,咱们这9天课程和邮寄手册都是免费的不花钱的哈，无任何套路，你放心学习就行,1,,,
费用,用钱吗,咱们这9天课程和邮寄手册都是免费的不花钱的哈，无任何套路，你放心学习就行,1,,,
费用,后续要收费吗？,咱们这9天课程和邮寄手册都是免费的不花钱的哈，无任何套路，你放心学习就行,1,,,
费用,请问要收学费吗,咱们这9天课程和邮寄手册都是免费的不花钱的哈，无任何套路，你放心学习就行,1,,,
费用,参加学习要交费吗,咱们这9天课程和邮寄手册都是免费的不花钱的哈，无任何套路，你放心学习就行,1,,,
费用,理财要钱吗,咱们这9天课程和邮寄手册都是免费的不花钱的哈，无任何套路，你放心学习就行,1,,,
费用,你免费的吗？,咱们这9天课程和邮寄手册都是免费的不花钱的哈，无任何套路，你放心学习就行,1,,,
费用,哦，对了你说的什么书籍须要钱吗？,咱们这9天课程和邮寄手册都是免费的不花钱的哈，无任何套路，你放心学习就行,1,,,
费用,上课之前要交学费吗,咱们这9天课程和邮寄手册都是免费的不花钱的哈，无任何套路，你放心学习就行,1,,,
费用,你发的资料要费用吗,咱们这9天课程和邮寄手册都是免费的不花钱的哈，无任何套路，你放心学习就行,1,,,
费用,交学费是以后不是现在因为我没工作没工资,咱们这9天课程和邮寄手册都是免费的不花钱的哈，无任何套路，你放心学习就行,1,,,
费用,确定什么免费吗,咱们这9天课程和邮寄手册都是免费的不花钱的哈，无任何套路，你放心学习就行,1,,,
费用,书籍收费吗？,咱们这9天课程和邮寄手册都是免费的不花钱的哈，无任何套路，你放心学习就行,1,,,
费用,书要缴费吗,咱们这9天课程和邮寄手册都是免费的不花钱的哈，无任何套路，你放心学习就行,1,,,
费用,要收费用吗,咱们这9天课程和邮寄手册都是免费的不花钱的哈，无任何套路，你放心学习就行,1,,,
费用,要书本费吗,咱们这9天课程和邮寄手册都是免费的不花钱的哈，无任何套路，你放心学习就行,1,,,
费用,要学费吗？,咱们这9天课程和邮寄手册都是免费的不花钱的哈，无任何套路，你放心学习就行,1,,,
费用,在，邮书集还要钱吗？,咱们这9天课程和邮寄手册都是免费的不花钱的哈，无任何套路，你放心学习就行,1,,,
费用,真的不要钱吗？我已经被骗怕了,咱们这9天课程和邮寄手册都是免费的不花钱的哈，无任何套路，你放心学习就行,1,,,
费用,免费的吗,咱们这9天课程和邮寄手册都是免费的不花钱的哈，无任何套路，你放心学习就行,1,,,
费用,你们教这么久的课，结束了我们交多少钱？中途会叫我们买产品吗？,咱们这9天课程和邮寄手册都是免费的不花钱的哈，无任何套路，你放心学习就行,1,,,
费用,说是免费寄的吗？你不会中间有套路又要钱吧？,咱们这9天课程和邮寄手册都是免费的不花钱的哈，无任何套路，你放心学习就行,1,,,
费用,书籍另收费吗,咱们这9天课程和邮寄手册都是免费的不花钱的哈，无任何套路，你放心学习就行,1,,,
福利,我都不相信能领到书，上期我己经学完了，书也没给我发过来呀,领书需要登记地址并且连续听课五到六天同学，书肯定能领到,0,,,
福利,我现在不在家，最近两个月帮别人点忙，资料能不能邮寄到我现在的地方,你到时候填你现在的地址，资料就会有寄过去,0,,,
福利,邮寄书不需要我的地址吗？,同学，咱们按时上完第一课，地址开课第二天我会找您登记的哈，连续听课4天就会安排邮寄了~,1,,,
福利,邮寄书籍地址要给您吗？,同学，咱们按时上完第一课，地址开课第二天我会找您登记的哈，连续听课4天就会安排邮寄了~,1,,,
福利,我的工作不一定什么时候下班，先领书看看吧,同学，咱们按时上完第一课，地址开课第二天我会找您登记的哈，连续听课4天就会安排邮寄了~,1,,,
福利,那个什么预订免费手册什么回事，老师,同学，咱们按时上完第一课，地址开课第二天我会找您登记的哈，连续听课4天就会安排邮寄了~,1,,,
福利,如何领书,同学，咱们按时上完第一课，地址开课第二天我会找您登记的哈，连续听课4天就会安排邮寄了~,1,,,
福利,书籍什么时候发呢,同学，咱们按时上完第一课，地址开课第二天我会找您登记的哈，连续听课4天就会安排邮寄了~,1,,,
福利,送的资料要钱的吗？,同学，咱们按时上完第一课，地址开课第二天我会找您登记的哈，连续听课4天就会安排邮寄了~,1,,,
福利,我的学习资料什么时候发给我啊,同学，咱们按时上完第一课，地址开课第二天我会找您登记的哈，连续听课4天就会安排邮寄了~,1,,,
福利,学习资料什么时候发给我啊,同学，咱们按时上完第一课，地址开课第二天我会找您登记的哈，连续听课4天就会安排邮寄了~,1,,,
福利,怎么领书啊老师,同学，咱们按时上完第一课，地址开课第二天我会找您登记的哈，连续听课4天就会安排邮寄了~,1,,,
福利,纸质书籍什么时候发呢,同学，咱们按时上完第一课，地址开课第二天我会找您登记的哈，连续听课4天就会安排邮寄了~,1,,,
福利,老师答题完成了怎么领奖励和书籍呢,同学，咱们按时上完第一课，地址开课第二天我会找您登记的哈，连续听课4天就会安排邮寄了~,1,,,
福利,需要我填收货地址么,同学，咱们按时上完第一课，地址开课第二天我会找您登记的哈，连续听课4天就会安排邮寄了~,1,,,
福利,地址都没有咋寄书,同学，咱们按时上完第一课，地址开课第二天我会找您登记的哈，连续听课4天就会安排邮寄了~,1,,,
福利,加上了吧，邮书把地址发给你吗？,同学，咱们按时上完第一课，地址开课第二天我会找您登记的哈，连续听课4天就会安排邮寄了~,1,,,
福利,领礼包吗？怎么领？,同学，咱们按时上完第一课，地址开课第二天我会找您登记的哈，连续听课4天就会安排邮寄了~,1,,,
福利,填写地址,同学，咱们按时上完第一课，地址开课第二天我会找您登记的哈，连续听课4天就会安排邮寄了~,1,,,
福利,卫国老师是不是要写地址啊？,同学，咱们按时上完第一课，地址开课第二天我会找您登记的哈，连续听课4天就会安排邮寄了~,1,,,
福利,先发个地址，是吗？,同学，咱们按时上完第一课，地址开课第二天我会找您登记的哈，连续听课4天就会安排邮寄了~,1,,,
福利,上完了，有福利是么,同学，咱们按时上完第一课，地址开课第二天我会找您登记的哈，连续听课4天就会安排邮寄了~,1,,,
福利,不是有免费理财书发吗,同学，咱们按时上完第一课，地址开课第二天我会找您登记的哈，连续听课4天就会安排邮寄了~,1,,,
福利,老师给发资料吗？,同学，咱们按时上完第一课，地址开课第二天我会找您登记的哈，连续听课4天就会安排邮寄了~,1,,,
福利,免费包邮书籍连续到课是怎样的？,同学，咱们按时上完第一课，地址开课第二天我会找您登记的哈，连续听课4天就会安排邮寄了~,1,,,
福利,你知道我的地址吗,同学，咱们按时上完第一课，地址开课第二天我会找您登记的哈，连续听课4天就会安排邮寄了~,1,,,
福利,依雪老师，书怎幺领,同学，咱们按时上完第一课，地址开课第二天我会找您登记的哈，连续听课4天就会安排邮寄了~,1,,,
福利,这个怎么邮寄的老师,同学，咱们按时上完第一课，地址开课第二天我会找您登记的哈，连续听课4天就会安排邮寄了~,1,,,
福利,不是领礼吗？,同学，咱们按时上完第一课，地址开课第二天我会找您登记的哈，连续听课4天就会安排邮寄了~,1,,,
福利,老师，哪里可以领书呀,同学，咱们按时上完第一课，地址开课第二天我会找您登记的哈，连续听课4天就会安排邮寄了~,1,,,
福利,领福利,同学，咱们按时上完第一课，地址开课第二天我会找您登记的哈，连续听课4天就会安排邮寄了~,1,,,
福利,什么时候发书,同学，咱们按时上完第一课，地址开课第二天我会找您登记的哈，连续听课4天就会安排邮寄了~,1,,,
福利,听了一小会有送书吗,同学，咱们按时上完第一课，地址开课第二天我会找您登记的哈，连续听课4天就会安排邮寄了~,1,,,
福利,好的，谢谢，你知道地址吗,同学，咱们按时上完第一课，地址开课第二天我会找您登记的哈，连续听课4天就会安排邮寄了~,1,,,
福利,老师资料什么时候寄阿？要发地址给你吗？,同学，咱们按时上完第一课，地址开课第二天我会找您登记的哈，连续听课4天就会安排邮寄了~,1,,,
福利,如何领取两本书,同学，咱们按时上完第一课，地址开课第二天我会找您登记的哈，连续听课4天就会安排邮寄了~,1,,,
福利,需要我给您发地址吗？,同学，咱们按时上完第一课，地址开课第二天我会找您登记的哈，连续听课4天就会安排邮寄了~,1,,,
福利,不是有送课本吗,同学，咱们按时上完第一课，地址开课第二天我会找您登记的哈，连续听课4天就会安排邮寄了~,1,,,
福利,不是有送礼包么,同学，咱们按时上完第一课，地址开课第二天我会找您登记的哈，连续听课4天就会安排邮寄了~,1,,,
福利,老师我没有书,同学，咱们按时上完第一课，地址开课第二天我会找您登记的哈，连续听课4天就会安排邮寄了~,1,,,
福利,你不是发书吗,同学，咱们按时上完第一课，地址开课第二天我会找您登记的哈，连续听课4天就会安排邮寄了~,1,,,
福利,如何领取？,同学，咱们按时上完第一课，地址开课第二天我会找您登记的哈，连续听课4天就会安排邮寄了~,1,,,
福利,怎么领书,同学，咱们按时上完第一课，地址开课第二天我会找您登记的哈，连续听课4天就会安排邮寄了~,1,,,
福利,现在需要把我的收货地址发给老师您吗,同学，咱们按时上完第一课，地址开课第二天我会找您登记的哈，连续听课4天就会安排邮寄了~,1,,,
福利,为什么别的都发书了我的领不成,同学，咱们按时上完第一课，地址开课第二天我会找您登记的哈，连续听课4天就会安排邮寄了~,1,,,
福利,不是有两本书要ｊ过来吗,同学，咱们按时上完第一课，地址开课第二天我会找您登记的哈，连续听课4天就会安排邮寄了~,1,,,
福利,我现在给你地址？,同学，咱们按时上完第一课，地址开课第二天我会找您登记的哈，连续听课4天就会安排邮寄了~,1,,,
福利,要发你地址吗,同学，咱们按时上完第一课，地址开课第二天我会找您登记的哈，连续听课4天就会安排邮寄了~,1,,,
福利,邮寄地址有吗？,同学，咱们按时上完第一课，地址开课第二天我会找您登记的哈，连续听课4天就会安排邮寄了~,1,,,
福利,有我的地址吗,同学，咱们按时上完第一课，地址开课第二天我会找您登记的哈，连续听课4天就会安排邮寄了~,1,,,
福利,黄老师纸质书籍在那领,同学，咱们按时上完第一课，地址开课第二天我会找您登记的哈，连续听课4天就会安排邮寄了~,1,,,
福利,老师好，免费书怎么领取呢?,同学，咱们按时上完第一课，地址开课第二天我会找您登记的哈，连续听课4天就会安排邮寄了~,1,,,
福利,可以，什么时候发书,同学，咱们按时上完第一课，地址开课第二天我会找您登记的哈，连续听课4天就会安排邮寄了~,1,,,
福利,可以领大礼包吗,同学，咱们按时上完第一课，地址开课第二天我会找您登记的哈，连续听课4天就会安排邮寄了~,1,,,
福利,那地址是要发给你吗,同学，咱们按时上完第一课，地址开课第二天我会找您登记的哈，连续听课4天就会安排邮寄了~,1,,,
福利,请问老师，发地址给你领取书本吗？,同学，咱们按时上完第一课，地址开课第二天我会找您登记的哈，连续听课4天就会安排邮寄了~,1,,,
福利,怎么领取书,同学，咱们按时上完第一课，地址开课第二天我会找您登记的哈，连续听课4天就会安排邮寄了~,1,,,
福利,我是领书的,同学，咱们按时上完第一课，地址开课第二天我会找您登记的哈，连续听课4天就会安排邮寄了~,1,,,
福利,我想领书，但是一直没有收到学习资料，怎么做才能领取学习资料？,同学，咱们按时上完第一课，地址开课第二天我会找您登记的哈，连续听课4天就会安排邮寄了~,1,,,
福利,领书！,同学，咱们按时上完第一课，地址开课第二天我会找您登记的哈，连续听课4天就会安排邮寄了~,1,,,
福利,发我的地址吗,同学，咱们按时上完第一课，地址开课第二天我会找您登记的哈，连续听课4天就会安排邮寄了~,1,,,
福利,教材咋领的,同学，咱们按时上完第一课，地址开课第二天我会找您登记的哈，连续听课4天就会安排邮寄了~,1,,,
福利,可以把书发过来吗？,同学，咱们按时上完第一课，地址开课第二天我会找您登记的哈，连续听课4天就会安排邮寄了~,1,,,
福利,可以拿到两本什么书？,同学，咱们按时上完第一课，地址开课第二天我会找您登记的哈，连续听课4天就会安排邮寄了~,1,,,
福利,如何进行第二步，领取学习材料？,同学，咱们按时上完第一课，地址开课第二天我会找您登记的哈，连续听课4天就会安排邮寄了~,1,,,
福利,书什么时候给我,同学，咱们按时上完第一课，地址开课第二天我会找您登记的哈，连续听课4天就会安排邮寄了~,1,,,
福利,要不老师您安排发货吧,同学，咱们按时上完第一课，地址开课第二天我会找您登记的哈，连续听课4天就会安排邮寄了~,1,,,
福利,怎么领书老师,同学，咱们按时上完第一课，地址开课第二天我会找您登记的哈，连续听课4天就会安排邮寄了~,1,,,
福利,这书什么时候发货给我,同学，咱们按时上完第一课，地址开课第二天我会找您登记的哈，连续听课4天就会安排邮寄了~,1,,,
福利,要怎么领这两本书？,同学，咱们按时上完第一课，地址开课第二天我会找您登记的哈，连续听课4天就会安排邮寄了~,1,,,
福利,免费书要发收货地址收给谁。,同学，咱们按时上完第一课，地址开课第二天我会找您登记的哈，连续听课4天就会安排邮寄了~,1,,,
福利,书是免费的吗？,同学，咱们按时上完第一课，地址开课第二天我会找您登记的哈，连续听课4天就会安排邮寄了~,1,,,
福利,书籍要听课才有嘛,同学，咱们按时上完第一课，地址开课第二天我会找您登记的哈，连续听课4天就会安排邮寄了~,1,,,
福利,加你了，老师，没有书呢？,同学，咱们按时上完第一课，地址开课第二天我会找您登记的哈，连续听课4天就会安排邮寄了~,1,,,
福利,书是找你领吗？,同学，咱们按时上完第一课，地址开课第二天我会找您登记的哈，连续听课4天就会安排邮寄了~,1,,,
福利,2本书什么时候给我,同学，咱们按时上完第一课，地址开课第二天我会找您登记的哈，连续听课4天就会安排邮寄了~,1,,,
福利,财务规划手册呢？,同学，咱们按时上完第一课，地址开课第二天我会找您登记的哈，连续听课4天就会安排邮寄了~,1,,,
福利,刚才让我领免费材料,同学，咱们按时上完第一课，地址开课第二天我会找您登记的哈，连续听课4天就会安排邮寄了~,1,,,
福利,老师，领书，谢谢,同学，咱们按时上完第一课，地址开课第二天我会找您登记的哈，连续听课4天就会安排邮寄了~,1,,,
福利,领礼包,同学，咱们按时上完第一课，地址开课第二天我会找您登记的哈，连续听课4天就会安排邮寄了~,1,,,
福利,领取资料,同学，咱们按时上完第一课，地址开课第二天我会找您登记的哈，连续听课4天就会安排邮寄了~,1,,,
福利,领书,同学，咱们按时上完第一课，地址开课第二天我会找您登记的哈，连续听课4天就会安排邮寄了~,1,,,
福利,免费的书呢,同学，咱们按时上完第一课，地址开课第二天我会找您登记的哈，连续听课4天就会安排邮寄了~,1,,,
福利,你好，有书籍资料吗？,同学，咱们按时上完第一课，地址开课第二天我会找您登记的哈，连续听课4天就会安排邮寄了~,1,,,
福利,如何领取资料，,同学，咱们按时上完第一课，地址开课第二天我会找您登记的哈，连续听课4天就会安排邮寄了~,1,,,
福利,什么时候填地址？,同学，咱们按时上完第一课，地址开课第二天我会找您登记的哈，连续听课4天就会安排邮寄了~,1,,,
福利,书免费的？,同学，咱们按时上完第一课，地址开课第二天我会找您登记的哈，连续听课4天就会安排邮寄了~,1,,,
福利,书呢？,同学，咱们按时上完第一课，地址开课第二天我会找您登记的哈，连续听课4天就会安排邮寄了~,1,,,
福利,书怎么给,同学，咱们按时上完第一课，地址开课第二天我会找您登记的哈，连续听课4天就会安排邮寄了~,1,,,
福利,我要领书,同学，咱们按时上完第一课，地址开课第二天我会找您登记的哈，连续听课4天就会安排邮寄了~,1,,,
福利,我怎么领取礼品,同学，咱们按时上完第一课，地址开课第二天我会找您登记的哈，连续听课4天就会安排邮寄了~,1,,,
福利,礼包要钱吗？,同学，咱们按时上完第一课，地址开课第二天我会找您登记的哈，连续听课4天就会安排邮寄了~,1,,,
福利,不可以直接领书吗？,同学，咱们按时上完第一课，地址开课第二天我会找您登记的哈，连续听课4天就会安排邮寄了~,1,,,
福利,不是说第一天听完课就包邮送书了吗,同学，咱们按时上完第一课，地址开课第二天我会找您登记的哈，连续听课4天就会安排邮寄了~,1,,,
福利,啥时候能到？,同学，咱们按时上完第一课，地址开课第二天我会找您登记的哈，连续听课4天就会安排邮寄了~,1,,,
福利,怎么领书呢？,同学，咱们按时上完第一课，地址开课第二天我会找您登记的哈，连续听课4天就会安排邮寄了~,1,,,
福利,看情况吧，怎么领取书？,同学，咱们按时上完第一课，地址开课第二天我会找您登记的哈，连续听课4天就会安排邮寄了~,1,,,
福利,那礼包？,同学，咱们按时上完第一课，地址开课第二天我会找您登记的哈，连续听课4天就会安排邮寄了~,1,,,
福利,哦，我无意加入启牛的，只是想要福利材料……,同学，咱们按时上完第一课，地址开课第二天我会找您登记的哈，连续听课4天就会安排邮寄了~,1,,,
福利,是有书籍的是吗？,同学，咱们按时上完第一课，地址开课第二天我会找您登记的哈，连续听课4天就会安排邮寄了~,1,,,
福利,书怎么领,同学，咱们按时上完第一课，地址开课第二天我会找您登记的哈，连续听课4天就会安排邮寄了~,1,,,
福利,不是发书吗,同学，咱们按时上完第一课，地址开课第二天我会找您登记的哈，连续听课4天就会安排邮寄了~,1,,,
福利,送什么资料，啥时送,同学，咱们按时上完第一课，地址开课第二天我会找您登记的哈，连续听课4天就会安排邮寄了~,1,,,
福利,佳齐老师您好啊！发书要地址吗？,同学，咱们按时上完第一课，地址开课第二天我会找您登记的哈，连续听课4天就会安排邮寄了~,1,,,
福利,这个书籍是学完后包邮吗？,同学，咱们按时上完第一课，地址开课第二天我会找您登记的哈，连续听课4天就会安排邮寄了~,1,,,
福利内容,给我邮寄什么书了,2本理财知识手册,1,,,
福利内容,领书，领什么书,2本理财知识手册,1,,,
福利内容,你好，给邮寄什么资料？,2本理财知识手册,1,,,
福利内容,什么样的书籍？,2本理财知识手册,1,,,
福利内容,洪远老师，给阿姨寄啥书籍？,2本理财知识手册,1,,,
福利内容,老师，领什么福利,2本理财知识手册,1,,,
福利内容,领什么书啊？,2本理财知识手册,1,,,
福利内容,没，有什么书啊？老师,2本理财知识手册,1,,,
福利内容,请问有什么福利啊,2本理财知识手册,1,,,
福利内容,什么福利,2本理财知识手册,1,,,
福利内容,什么样的手册,2本理财知识手册,1,,,
福利内容,谭老师，有什么福利吗,2本理财知识手册,1,,,
福利内容,下课了，老师领什么福利,2本理财知识手册,1,,,
福利内容,邮寄什么资料,2本理财知识手册,1,,,
福利内容,邮什么书呀，,2本理财知识手册,1,,,
福利内容,这个领取什么福利,2本理财知识手册,1,,,
福利内容,老师听课的福利是什么呀,2本理财知识手册,1,,,
福利内容,有什么奖励吗？,2本理财知识手册,1,,,
福利内容,这两本书我有，还有其他书吗？,2本理财知识手册,1,,,
福利内容,领取的是书还是知识手册,2本理财知识手册,1,,,
福利内容,奖励什么,2本理财知识手册,1,,,
福利内容,没看完有奖励吗,2本理财知识手册,1,,,
福利内容,你好，有书籍资料吗？,2本理财知识手册,1,,,
福利内容,学完有什么奖励？,2本理财知识手册,1,,,
福利内容,什么名字，书名？,2本理财知识手册,1,,,
福利内容,领什么书？,2本理财知识手册,1,,,
负债,现在都是外债怎么理财,老师带过那么多学员，也碰到各种各样的案例情况，其实负债没钱的人更应该要理财。如果还只靠自己的死工资去还债，我相信很难实现，而且会很压抑，因为每次一发工资，钱突然就要全部还完。如果现在不做出改变的话，那五年十年以后，可能还是依旧在没钱的状态，这什么时候是个头呢。所以咱们一定要好好理财改变自己的现状,0,,,
公司信息,麻烦问一下咱们的地址在哪里,公司在北京哦~,0,,,
公司信息,您是在北京吗？,是的，公司在北京哦~,0,,,
公司信息,咱们是在北京吗,是的，公司在北京哦~,0,,,
公司信息,老师启牛学堂是做什么的，对我们有什么好处。,我们是为老百姓普及理财知识和防骗知识的9天免费推广课,0,,,
公司信息,春艳老师，这是合资企业吗,我们是正规平台呢,0,,,
公司信息,有公司的营业执照吗？,有呀,0,,,
公司信息,你好。你是哪家公司的,咱们是启牛学堂,0,,,
公司信息,你不是钱堂教育的吗？,咱们是启牛学堂,0,,,
公司信息,你们这个是什么学校,咱们是启牛学堂,0,,,
回放时长,回放课多长时间？,跟您上过的在线课一样，一小时左右,0,,,
回放是否能领书,看回放能领书吗,咱们还是需要第一节课上课签到一下，后台有到课记录，然后就可以领取书籍了,0,,,
回放是否能领书,免费邮寄书籍看回放能领取吗,咱们还是需要第一节课上课签到一下，后台有到课记录，然后就可以领取书籍了,0,,,
借钱,能不能给我点钱？,同学，老师和同学之间是不能有资金往来的哈，也不会卖给您任何的理财产品的哈,1,,,
借钱,你能借我两百元吗,同学，老师和同学之间是不能有资金往来的哈，也不会卖给您任何的理财产品的哈,1,,,
借钱,老师能不能借我点钱我爷爷生病了我要去卖点药给他吃。我有钱的时候给你,同学，老师和同学之间是不能有资金往来的哈，也不会卖给您任何的理财产品的哈,1,,,
借钱,可以借我70块钱吗,同学，老师和同学之间是不能有资金往来的哈，也不会卖给您任何的理财产品的哈,1,,,
借钱,你能给我钱吗？,同学，老师和同学之间是不能有资金往来的哈，也不会卖给您任何的理财产品的哈,1,,,
借钱,这位老师能不能借我点钱啊？,同学，老师和同学之间是不能有资金往来的哈，也不会卖给您任何的理财产品的哈,1,,,
借钱,给我发一下100块钱红包行吗？,同学，老师和同学之间是不能有资金往来的哈，也不会卖给您任何的理财产品的哈,1,,,
借钱,你能不能借我300块钱？我需要用,同学，老师和同学之间是不能有资金往来的哈，也不会卖给您任何的理财产品的哈,1,,,
尽量直播不行回放,我也60多了，看看完了我抓空去听，到家也忒忙啊,那同学咱们尽量按时听课，实在不行的话，老师再帮你安排回放学习吧,1,,,
尽量直播不行回放,我们每天是不停的在公高速路上跑的。因为我们是跑快递的。所以说闲下来的时候。可以学学,那同学咱们尽量按时听课，实在不行的话，老师再帮你安排回放学习吧,1,,,
尽量直播不行回放,老师，因目前家有事，我尽力爭取。,那同学咱们尽量按时听课，实在不行的话，老师再帮你安排回放学习吧,1,,,
尽量直播不行回放,我要带娃估计怕有点难,那同学咱们尽量按时听课，实在不行的话，老师再帮你安排回放学习吧,1,,,
尽量直播不行回放,不确定，最近较忙，尽量吧,那同学咱们尽量按时听课，实在不行的话，老师再帮你安排回放学习吧,1,,,
尽量直播不行回放,我不确定有没有时间,那同学咱们尽量按时听课，实在不行的话，老师再帮你安排回放学习吧,1,,,
尽量直播不行回放,能上课，但可能要晚点,那同学咱们尽量按时听课，实在不行的话，老师再帮你安排回放学习吧,1,,,
尽量直播不行回放,不一定有时间上课，我要看孩子,那同学咱们尽量按时听课，实在不行的话，老师再帮你安排回放学习吧,1,,,
尽量直播不行回放,我要带孩子，不一定可以上课,那同学咱们尽量按时听课，实在不行的话，老师再帮你安排回放学习吧,1,,,
尽量直播不行回放,弄不了，凑合听吧，能听多少听多少,那同学咱们尽量按时听课，实在不行的话，老师再帮你安排回放学习吧,1,,,
尽量直播不行回放,不好意思，老师，我确实有点忙，没有及时回复你，我尽可能的去学习,那同学咱们尽量按时听课，实在不行的话，老师再帮你安排回放学习吧,1,,,
尽量直播不行回放,老师，打扰一下，要是晚上有事，是不是会错过,那同学咱们尽量按时听课，实在不行的话，老师再帮你安排回放学习吧,1,,,
尽量直播不行回放,实在不行就回放吧,那同学咱们尽量按时听课，实在不行的话，老师再帮你安排回放学习吧,1,,,
尽量直播不行回放,不一定，我怕有的时候我会忙不忙的话我就可以,那同学咱们尽量按时听课，实在不行的话，老师再帮你安排回放学习吧,1,,,
尽量直播不行回放,不一定，有时候可以。不是说可以回看吗？,那同学咱们尽量按时听课，实在不行的话，老师再帮你安排回放学习吧,1,,,
尽量直播不行回放,不准时的，要上班啊,那同学咱们尽量按时听课，实在不行的话，老师再帮你安排回放学习吧,1,,,
尽量直播不行回放,我工作忙，不知道能不能看,那同学咱们尽量按时听课，实在不行的话，老师再帮你安排回放学习吧,1,,,
尽量直播不行回放,不缺定，没有视频回放的吗？,那同学咱们尽量按时听课，实在不行的话，老师再帮你安排回放学习吧,1,,,
尽量直播不行回放,连续9天不一定啊,那同学咱们尽量按时听课，实在不行的话，老师再帮你安排回放学习吧,1,,,
尽量直播不行回放,不确定的。因为还在上班这个时间段。请问李老师还有别的时间吗？,那同学咱们尽量按时听课，实在不行的话，老师再帮你安排回放学习吧,1,,,
尽量直播不行回放,不确定能不能上,那同学咱们尽量按时听课，实在不行的话，老师再帮你安排回放学习吧,1,,,
尽量直播不行回放,不知道有没有时间,那同学咱们尽量按时听课，实在不行的话，老师再帮你安排回放学习吧,1,,,
尽量直播不行回放,不知晚上在不在线,那同学咱们尽量按时听课，实在不行的话，老师再帮你安排回放学习吧,1,,,
尽量直播不行回放,我可能不能参加，我要去学校上课，我后面看视频吧，,那同学咱们尽量按时听课，实在不行的话，老师再帮你安排回放学习吧,1,,,
尽量直播不行回放,我上夜班可能不能在那个时段上课哦,那同学咱们尽量按时听课，实在不行的话，老师再帮你安排回放学习吧,1,,,
尽量直播不行回放,现在还不知道，有时候忙的顾不上，到时间再看吧,那同学咱们尽量按时听课，实在不行的话，老师再帮你安排回放学习吧,1,,,
尽量直播不行回放,现在确定不了啊,那同学咱们尽量按时听课，实在不行的话，老师再帮你安排回放学习吧,1,,,
尽量直播不行回放,最近很忙呢，可能不能准时参加,那同学咱们尽量按时听课，实在不行的话，老师再帮你安排回放学习吧,1,,,
尽量直播不行回放,时间不能确定,那同学咱们尽量按时听课，实在不行的话，老师再帮你安排回放学习吧,1,,,
尽量直播不行回放,我的时间估计够呛,那同学咱们尽量按时听课，实在不行的话，老师再帮你安排回放学习吧,1,,,
尽量直播不行回放,不确定能准时，可以看回放吗,那同学咱们尽量按时听课，实在不行的话，老师再帮你安排回放学习吧,1,,,
尽量直播不行回放,不好意思，我礼拜一还得上夜班，我到时候看情况吧,那同学咱们尽量按时听课，实在不行的话，老师再帮你安排回放学习吧,1,,,
尽量直播不行回放,不能确定,那同学咱们尽量按时听课，实在不行的话，老师再帮你安排回放学习吧,1,,,
尽量直播不行回放,不确定能按时参加，要看孩子的家作多不多,那同学咱们尽量按时听课，实在不行的话，老师再帮你安排回放学习吧,1,,,
尽量直播不行回放,不确定能不能准时上课,那同学咱们尽量按时听课，实在不行的话，老师再帮你安排回放学习吧,1,,,
尽量直播不行回放,不一定，有时有时间，有时没,那同学咱们尽量按时听课，实在不行的话，老师再帮你安排回放学习吧,1,,,
尽量直播不行回放,不一定啊，说不上哪天有事呀,那同学咱们尽量按时听课，实在不行的话，老师再帮你安排回放学习吧,1,,,
尽量直播不行回放,不一定准时,那同学咱们尽量按时听课，实在不行的话，老师再帮你安排回放学习吧,1,,,
尽量直播不行回放,不知道晚上加班不加班了，,那同学咱们尽量按时听课，实在不行的话，老师再帮你安排回放学习吧,1,,,
尽量直播不行回放,不知道有没有空，到时候再说不行吗,那同学咱们尽量按时听课，实在不行的话，老师再帮你安排回放学习吧,1,,,
尽量直播不行回放,看时间安排吧,那同学咱们尽量按时听课，实在不行的话，老师再帮你安排回放学习吧,1,,,
尽量直播不行回放,可能不能。9点一17点方便学习,那同学咱们尽量按时听课，实在不行的话，老师再帮你安排回放学习吧,1,,,
尽量直播不行回放,可能不能准时上课,那同学咱们尽量按时听课，实在不行的话，老师再帮你安排回放学习吧,1,,,
尽量直播不行回放,可能没有时间吧,那同学咱们尽量按时听课，实在不行的话，老师再帮你安排回放学习吧,1,,,
尽量直播不行回放,可能没有时间吧？,那同学咱们尽量按时听课，实在不行的话，老师再帮你安排回放学习吧,1,,,
尽量直播不行回放,可能要上班,那同学咱们尽量按时听课，实在不行的话，老师再帮你安排回放学习吧,1,,,
尽量直播不行回放,可能准时不了,那同学咱们尽量按时听课，实在不行的话，老师再帮你安排回放学习吧,1,,,
尽量直播不行回放,老师！有时候小孩儿要用手机，我尽量吧,那同学咱们尽量按时听课，实在不行的话，老师再帮你安排回放学习吧,1,,,
尽量直播不行回放,上的夜班可能听不了,那同学咱们尽量按时听课，实在不行的话，老师再帮你安排回放学习吧,1,,,
尽量直播不行回放,时间可能有些对不上，我要9点后有空,那同学咱们尽量按时听课，实在不行的话，老师再帮你安排回放学习吧,1,,,
尽量直播不行回放,晚班不一定能上,那同学咱们尽量按时听课，实在不行的话，老师再帮你安排回放学习吧,1,,,
尽量直播不行回放,我可能不能准时上课,那同学咱们尽量按时听课，实在不行的话，老师再帮你安排回放学习吧,1,,,
尽量直播不行回放,我可能不太准时，我看录播吧,那同学咱们尽量按时听课，实在不行的话，老师再帮你安排回放学习吧,1,,,
尽量直播不行回放,我想问问你有连接吗。临近期末复习，晚上孩子作业多，可能不能帮按时上课。,那同学咱们尽量按时听课，实在不行的话，老师再帮你安排回放学习吧,1,,,
尽量直播不行回放,现在还不懂能不能听，看到时候忙不忙,那同学咱们尽量按时听课，实在不行的话，老师再帮你安排回放学习吧,1,,,
尽量直播不行回放,现在是防汛期不知道啥时候要加班,那同学咱们尽量按时听课，实在不行的话，老师再帮你安排回放学习吧,1,,,
尽量直播不行回放,现在是上夜班，可能没有时间听课,那同学咱们尽量按时听课，实在不行的话，老师再帮你安排回放学习吧,1,,,
尽量直播不行回放,有时间再上吧,那同学咱们尽量按时听课，实在不行的话，老师再帮你安排回放学习吧,1,,,
尽量直播不行回放,这个不能确定能不能准时,那同学咱们尽量按时听课，实在不行的话，老师再帮你安排回放学习吧,1,,,
尽量直播不行回放,这个说不准,那同学咱们尽量按时听课，实在不行的话，老师再帮你安排回放学习吧,1,,,
尽量直播不行回放,不好意思，我要上夜班，不能准时,那同学咱们尽量按时听课，实在不行的话，老师再帮你安排回放学习吧,1,,,
尽量直播不行回放,不一定，因为我们有时加班,那同学咱们尽量按时听课，实在不行的话，老师再帮你安排回放学习吧,1,,,
尽量直播不行回放,我的时间现在说不准到晚上的时候有空的话我就进去看,那同学咱们尽量按时听课，实在不行的话，老师再帮你安排回放学习吧,1,,,
尽量直播不行回放,由于工作需要，工作时间突然调整了在晚上了，从昨天到月底一直上晚班。只是暂时的。最近十天晚上不能准时上课,那同学咱们尽量按时听课，实在不行的话，老师再帮你安排回放学习吧,1,,,
尽量直播不行回放,不能准时上课,那同学咱们尽量按时听课，实在不行的话，老师再帮你安排回放学习吧,1,,,
尽量直播不行回放,不确定,那同学咱们尽量按时听课，实在不行的话，老师再帮你安排回放学习吧,1,,,
尽量直播不行回放,不确定上得了课，但我尽量吧,那同学咱们尽量按时听课，实在不行的话，老师再帮你安排回放学习吧,1,,,
尽量直播不行回放,不太确定，因为我在上班，不知道星期一会不会加班,那同学咱们尽量按时听课，实在不行的话，老师再帮你安排回放学习吧,1,,,
尽量直播不行回放,九天时间，定不了哪天有事的,那同学咱们尽量按时听课，实在不行的话，老师再帮你安排回放学习吧,1,,,
尽量直播不行回放,老师，我不能准时上课怎么办,那同学咱们尽量按时听课，实在不行的话，老师再帮你安排回放学习吧,1,,,
尽量直播不行回放,如果有事情的话我私信给你说，希望你可以理解一下,那同学咱们尽量按时听课，实在不行的话，老师再帮你安排回放学习吧,1,,,
尽量直播不行回放,时间不一定,那同学咱们尽量按时听课，实在不行的话，老师再帮你安排回放学习吧,1,,,
尽量直播不行回放,我跟你说老师我这有时候就是说涂海有时候回来早，有时候回来晚，有时早上就是说三点多钟就走了，一点多钟就走了,那同学咱们尽量按时听课，实在不行的话，老师再帮你安排回放学习吧,1,,,
尽量直播不行回放,我还不一定，因为我是学生，课表随时在变,那同学咱们尽量按时听课，实在不行的话，老师再帮你安排回放学习吧,1,,,
尽量直播不行回放,我就是什么时候有空就什么时候看一下,那同学咱们尽量按时听课，实在不行的话，老师再帮你安排回放学习吧,1,,,
尽量直播不行回放,我可能时间不太行,那同学咱们尽量按时听课，实在不行的话，老师再帮你安排回放学习吧,1,,,
尽量直播不行回放,不一定也可能我还没下班,那同学咱们尽量按时听课，实在不行的话，老师再帮你安排回放学习吧,1,,,
尽量直播不行回放,不一定有空,那同学咱们尽量按时听课，实在不行的话，老师再帮你安排回放学习吧,1,,,
尽量直播不行回放,不一定有时间,那同学咱们尽量按时听课，实在不行的话，老师再帮你安排回放学习吧,1,,,
尽量直播不行回放,不一定，要上班,那同学咱们尽量按时听课，实在不行的话，老师再帮你安排回放学习吧,1,,,
尽量直播不行回放,看情况吧，不一定每天都能7:45准时签到啊,那同学咱们尽量按时听课，实在不行的话，老师再帮你安排回放学习吧,1,,,
尽量直播不行回放,到时候再说吧，我不确定,那同学咱们尽量按时听课，实在不行的话，老师再帮你安排回放学习吧,1,,,
尽量直播不行回放,到时候在看吧,那同学咱们尽量按时听课，实在不行的话，老师再帮你安排回放学习吧,1,,,
尽量直播不行回放,得看情况,那同学咱们尽量按时听课，实在不行的话，老师再帮你安排回放学习吧,1,,,
尽量直播不行回放,老师你好！现在还不确定,那同学咱们尽量按时听课，实在不行的话，老师再帮你安排回放学习吧,1,,,
尽量直播不行回放,我不可以准时上课因为我正在忙，谢谢,那同学咱们尽量按时听课，实在不行的话，老师再帮你安排回放学习吧,1,,,
尽量直播不行回放,没有多少时间学,那同学咱们尽量按时听课，实在不行的话，老师再帮你安排回放学习吧,1,,,
尽量直播不行回放,我也不知道，看情况吧,那同学咱们尽量按时听课，实在不行的话，老师再帮你安排回放学习吧,1,,,
尽量直播不行回放,我有点忙，尽量,那同学咱们尽量按时听课，实在不行的话，老师再帮你安排回放学习吧,1,,,
尽量直播不行回放,老师好！我那个时段可要上班，怕抽不出空来哟,那同学咱们尽量按时听课，实在不行的话，老师再帮你安排回放学习吧,1,,,
尽量直播不行回放,晚上8点，我们上夜班就难办,那同学咱们尽量按时听课，实在不行的话，老师再帮你安排回放学习吧,1,,,
尽量直播不行回放,晚上可能没时间呢,那同学咱们尽量按时听课，实在不行的话，老师再帮你安排回放学习吧,1,,,
尽量直播不行回放,我上晚班也许到不了,那同学咱们尽量按时听课，实在不行的话，老师再帮你安排回放学习吧,1,,,
尽量直播不行回放,有时有点忙，,那同学咱们尽量按时听课，实在不行的话，老师再帮你安排回放学习吧,1,,,
尽量直播不行回放,有时候要带小孩,那同学咱们尽量按时听课，实在不行的话，老师再帮你安排回放学习吧,1,,,
尽量直播不行回放,不能保证准时，因为上班呢,那同学咱们尽量按时听课，实在不行的话，老师再帮你安排回放学习吧,1,,,
尽量直播不行回放,不确定能不能准时，不敢保证,那同学咱们尽量按时听课，实在不行的话，老师再帮你安排回放学习吧,1,,,
尽量直播不行回放,时间不太确定。,那同学咱们尽量按时听课，实在不行的话，老师再帮你安排回放学习吧,1,,,
尽量直播不行回放,这九天，我有六天是不能准时八点上课的，剩下三天可以,那同学咱们尽量按时听课，实在不行的话，老师再帮你安排回放学习吧,1,,,
尽量直播不行回放,不一定能准时！但是我会听的！因为我做的工作不允许,那同学咱们尽量按时听课，实在不行的话，老师再帮你安排回放学习吧,1,,,
尽量直播不行回放,我到时候可能没有时间，最近有点忙,那同学咱们尽量按时听课，实在不行的话，老师再帮你安排回放学习吧,1,,,
尽量直播不行回放,没有准确的时间,那同学咱们尽量按时听课，实在不行的话，老师再帮你安排回放学习吧,1,,,
尽量直播不行回放,我到时候可能没有时间,那同学咱们尽量按时听课，实在不行的话，老师再帮你安排回放学习吧,1,,,
尽量直播不行回放,我可能不确定我能有时间,那同学咱们尽量按时听课，实在不行的话，老师再帮你安排回放学习吧,1,,,
尽量直播不行回放,时间不确定,那同学咱们尽量按时听课，实在不行的话，老师再帮你安排回放学习吧,1,,,
尽量直播不行回放,可能上班时间段哟，参加不咋办,那同学咱们尽量按时听课，实在不行的话，老师再帮你安排回放学习吧,1,,,
尽量直播不行回放,不一定，有时候还要加班！,那同学咱们尽量按时听课，实在不行的话，老师再帮你安排回放学习吧,1,,,
尽量直播不行回放,这个我要陪小朋友,那同学咱们尽量按时听课，实在不行的话，老师再帮你安排回放学习吧,1,,,
客套话,感恩老师,不客气，有不懂得可以随时问我,1,,,
客套话,感谢老师,不客气，有不懂得可以随时问我,1,,,
客套话,好的，谢谢老师,不客气，有不懂得可以随时问我,1,,,
客套话,好的。谢谢赵老师,不客气，有不懂得可以随时问我,1,,,
客套话,好的老师，麻烦你了,不客气，有不懂得可以随时问我,1,,,
客套话,好的明白了，谢谢老师,不客气，有不懂得可以随时问我,1,,,
客套话,好的谢谢,不客气，有不懂得可以随时问我,1,,,
客套话,好的谢谢老师,不客气，有不懂得可以随时问我,1,,,
客套话,好的谢谢老师了,不客气，有不懂得可以随时问我,1,,,
客套话,好谢谢老师,不客气，有不懂得可以随时问我,1,,,
客套话,会的，了解，感谢老师,不客气，有不懂得可以随时问我,1,,,
客套话,收到老师，感恩,不客气，有不懂得可以随时问我,1,,,
客套话,收到老师，谢谢,不客气，有不懂得可以随时问我,1,,,
客套话,谢谢！决不会错过。,不客气，有不懂得可以随时问我,1,,,
客套话,谢谢老师,不客气，有不懂得可以随时问我,1,,,
客套话,知道了谢谢,不客气，有不懂得可以随时问我,1,,,
客套话,感谢徐老师，我一定可好好学习,不客气，有不懂得可以随时问我,1,,,
客套话,辛苦了,不辛苦哈~咱们一定好好学习，学会了理财方法，掌握了这个技能，未来有机会越来越有钱,0,,,
客套话,放心一定认真学,加油,0,,,
课程内容,9天课内能学习到逆回购实操吗？,可以学到的哈，老师会教咱们，耐心等待就行，到时候有问题及时问我，我也会一步步教你,0,,,
课程内容,老师您好，就是学什么的,咱们9天的课会给你普及8种理财知识以及每天一个防骗知识的普及，是有机会增加非工资收入的,1,,,
课程内容,老师是上什么直播课啊,咱们9天的课会给你普及8种理财知识以及每天一个防骗知识的普及，是有机会增加非工资收入的,1,,,
课程内容,老师这是教什么的,咱们9天的课会给你普及8种理财知识以及每天一个防骗知识的普及，是有机会增加非工资收入的,1,,,
课程内容,你这是学的什么？,咱们9天的课会给你普及8种理财知识以及每天一个防骗知识的普及，是有机会增加非工资收入的,1,,,
课程内容,上什么课？,咱们9天的课会给你普及8种理财知识以及每天一个防骗知识的普及，是有机会增加非工资收入的,1,,,
课程内容,是什么课程？,咱们9天的课会给你普及8种理财知识以及每天一个防骗知识的普及，是有机会增加非工资收入的,1,,,
课程内容,是学习什么呢？,咱们9天的课会给你普及8种理财知识以及每天一个防骗知识的普及，是有机会增加非工资收入的,1,,,
课程内容,是这样吗,咱们9天的课会给你普及8种理财知识以及每天一个防骗知识的普及，是有机会增加非工资收入的,1,,,
课程内容,我们主要是学些什么呢,咱们9天的课会给你普及8种理财知识以及每天一个防骗知识的普及，是有机会增加非工资收入的,1,,,
课程内容,学习的内容是什么,咱们9天的课会给你普及8种理财知识以及每天一个防骗知识的普及，是有机会增加非工资收入的,1,,,
课程内容,有些什么课啊,咱们9天的课会给你普及8种理财知识以及每天一个防骗知识的普及，是有机会增加非工资收入的,1,,,
课程内容,咱们是上的什么课？,咱们9天的课会给你普及8种理财知识以及每天一个防骗知识的普及，是有机会增加非工资收入的,1,,,
课程内容,这个课程是哪个科目,咱们9天的课会给你普及8种理财知识以及每天一个防骗知识的普及，是有机会增加非工资收入的,1,,,
课程内容,这个上着什么课,咱们9天的课会给你普及8种理财知识以及每天一个防骗知识的普及，是有机会增加非工资收入的,1,,,
课程内容,课是学啥的,咱们9天的课会给你普及8种理财知识以及每天一个防骗知识的普及，是有机会增加非工资收入的,1,,,
课程时间,8点到几点,课程大概1小时左右，晚上8点开始，9点左右结束,1,,,
课程时间,8点到几点结束,课程大概1小时左右，晚上8点开始，9点左右结束,1,,,
课程时间,八点太忙了，十点可以吗,课程大概1小时左右，晚上8点开始，9点左右结束,1,,,
课程时间,9点半可以吗,课程大概1小时左右，晚上8点开始，9点左右结束,1,,,
课程时长,一节课的时长是多久啊？,课程大概1小时左右，晚上8点开始，9点左右结束,1,,,
课程时长,杨妍老师，每节课多久,课程大概1小时左右，晚上8点开始，9点左右结束,1,,,
课程时长,课要上到什么时候？,课程大概1小时左右，晚上8点开始，9点左右结束,1,,,
课程时长,要持续多久啊,课程大概1小时左右，晚上8点开始，9点左右结束,1,,,
课程时长,老师课程时长多久,课程大概1小时左右，晚上8点开始，9点左右结束,1,,,
课程时长,课程十分钟吗？,课程大概1小时左右，晚上8点开始，9点左右结束,1,,,
课程时长,课程学多久,课程大概1小时左右，晚上8点开始，9点左右结束,1,,,
快递时效,两本书大概什么时间邮寄,连续听课4天公司就直接邮寄了，一般2-3天就可以收到,0,,,
快递时效,书籍没有那么快收到吧？,连续听课4天公司就直接邮寄了，一般2-3天就可以收到,0,,,
快递时效,啥时候能到？,连续听课4天公司就直接邮寄了，一般2-3天就可以收到,0,,,
拉别人上课,群里走了一个，不可以把我女儿拉进来吗,不能的，不是咱们班同学进不来，您可以和他一起看,1,,,
拉别人上课,能不能我邀请一个人,不能的，不是咱们班同学进不来，您可以和他一起看,1,,,
拉别人上课,那如果我感觉不错。可以介绍人进来吗？,不能的，不是咱们班同学进不来，您可以和他一起看,1,,,
拉别人上课,可以把孩子拉进群里吗？,不能的，不是咱们班同学进不来，您可以和他一起看,1,,,
拉别人上课,老师有个人想进来可以吗,不能的，不是咱们班同学进不来，您可以和他一起看,1,,,
理财,多少钱一个月挣1000呢,理财方法不一样那收益也不一样哈,0,,,
理财,理才是干什么的,理财就是合理规划自己的资产，有机会让自己资产保值增值，让自己有机会多一份收入，改善生活质量,1,,,
理财,理财有什么用吗,理财就是合理规划自己的资产，有机会让自己资产保值增值，让自己有机会多一份收入，改善生活质量,1,,,
理财,你好，老师问你一下什么叫理财,理财就是合理规划自己的资产，有机会让自己资产保值增值，让自己有机会多一份收入，改善生活质量,1,,,
理财,如有哪些好处呢？能不能解释一下我就麻烦你了，老师。,理财就是合理规划自己的资产，有机会让自己资产保值增值，让自己有机会多一份收入，改善生活质量,1,,,
理财,我问你理的什么财,理财就是合理规划自己的资产，有机会让自己资产保值增值，让自己有机会多一份收入，改善生活质量,1,,,
理财,想学k线分析，这里课程讲吗？,我们小白课暂时不讲,0,,,
理财,大家都买有什么股呀，一起讨论讨论一下呀，互相学习学习,同学咱们常见的理财方法都会涉及的去讲一些，我们是不会荐股荐基的哦,0,,,
理财,银行利息是多少，多不多,银行活期利息一般都是百分之0.3左右,0,,,
理财,萧老师，我想知道用1000元买什么理财产品？,咱们有很多哈同学，这两天咱老师从国债国债逆回购、ETF这些都会讲到的，到时候咱好好学，学明白了自然就知道买什么了，不懂的也可以随时问我,0,,,
理财,这个投入多少资金,咱们这9天课程都是免费的，不需要投入资金的,0,,,
理财,学这个课程我能赚多少钱,这个不一定的同学，有多少收益要看你的本金有多少，也要看你吸收的怎么样，但是哪怕咱们只有一两千块钱那也是有机会赚个两三百的，咱们可以积少成多去增加收益的。,0,,,
理财,国债逆回购是什么意思，我不会弄,这个就很简单，就是以国债做抵押借你的钱，然后给你利息,0,,,
理财,理财每个月多少钱收入,收益要看咱们的本金和理财工具的选择,0,,,
理财,理财一年能赚多少钱啊,收益要看咱们的本金和理财工具的选择,0,,,
领书条件,怎样领取资料,同学，咱们按时上完第一课，开课第二天我会找您登记地址的哈，连续听课4天就会安排邮寄了~,1,,,
领书条件,添加了，不是发书吗？,同学，咱们按时上完第一课，开课第二天我会找您登记地址的哈，连续听课4天就会安排邮寄了~,1,,,
领书条件,我去年已经上过了，现在只需要领取纸质资料,同学，咱们按时上完第一课，开课第二天我会找您登记地址的哈，连续听课4天就会安排邮寄了~,1,,,
领书条件,上次我听过一次了，就是不给邮寄手册，讨要了几次，也没给发,同学，咱们按时上完第一课，开课第二天我会找您登记地址的哈，连续听课4天就会安排邮寄了~,1,,,
领书条件,老师，怎样领取资料？,同学，咱们按时上完第一课，开课第二天我会找您登记地址的哈，连续听课4天就会安排邮寄了~,1,,,
领书条件,是不是可以领书,同学，咱们按时上完第一课，开课第二天我会找您登记地址的哈，连续听课4天就会安排邮寄了~,1,,,
领书条件,怎么拿到书？,同学，咱们按时上完第一课，开课第二天我会找您登记地址的哈，连续听课4天就会安排邮寄了~,1,,,
领书条件,知识手册怎么领？,同学，咱们按时上完第一课，开课第二天我会找您登记地址的哈，连续听课4天就会安排邮寄了~,1,,,
领书条件,怎样领取,同学，咱们按时上完第一课，开课第二天我会找您登记地址的哈，连续听课4天就会安排邮寄了~,1,,,
领书条件,是不是我们要领书了,同学，咱们按时上完第一课，开课第二天我会找您登记地址的哈，连续听课4天就会安排邮寄了~,1,,,
领书条件,学习资料什么时候领取,同学，咱们按时上完第一课，开课第二天我会找您登记地址的哈，连续听课4天就会安排邮寄了~,1,,,
领书条件,领书，谢谢老师！,同学，咱们按时上完第一课，开课第二天我会找您登记地址的哈，连续听课4天就会安排邮寄了~,1,,,
领书条件,在哪里领书？,同学，咱们按时上完第一课，开课第二天我会找您登记地址的哈，连续听课4天就会安排邮寄了~,1,,,
领书条件,我书怎么领,同学，咱们按时上完第一课，开课第二天我会找您登记地址的哈，连续听课4天就会安排邮寄了~,1,,,
领书条件,不是说了有两本书友邮寄过来吗？怎么还在群里学习啊？,同学，咱们按时上完第一课，开课第二天我会找您登记地址的哈，连续听课4天就会安排邮寄了~,1,,,
领书条件,我怎么没领到啊？,同学，咱们按时上完第一课，开课第二天我会找您登记地址的哈，连续听课4天就会安排邮寄了~,1,,,
领书条件,你的意思是我听完四天课才有一本书,同学，咱们按时上完第一课，开课第二天我会找您登记地址的哈，连续听课4天就会安排邮寄了~,1,,,
领书条件,什么时候邮寄,同学，咱们按时上完第一课，开课第二天我会找您登记地址的哈，连续听课4天就会安排邮寄了~,1,,,
领书条件,老师，那书多久发过来呢？那两本书？,同学，咱们按时上完第一课，开课第二天我会找您登记地址的哈，连续听课4天就会安排邮寄了~,1,,,
领书条件,有资料吗,同学，咱们按时上完第一课，开课第二天我会找您登记地址的哈，连续听课4天就会安排邮寄了~,1,,,
领书条件,什么书在哪,同学，咱们按时上完第一课，开课第二天我会找您登记地址的哈，连续听课4天就会安排邮寄了~,1,,,
领书条件,但是说有两本理财书，什么时候能寄给我？,同学，咱们按时上完第一课，开课第二天我会找您登记地址的哈，连续听课4天就会安排邮寄了~,1,,,
领书条件,两本书，还寄不？,同学，咱们按时上完第一课，开课第二天我会找您登记地址的哈，连续听课4天就会安排邮寄了~,1,,,
领书条件,免费资料在哪啊,同学，咱们按时上完第一课，开课第二天我会找您登记地址的哈，连续听课4天就会安排邮寄了~,1,,,
领书条件,沐芯老师教材课本要怎么领取呢,同学，咱们按时上完第一课，开课第二天我会找您登记地址的哈，连续听课4天就会安排邮寄了~,1,,,
领书条件,什么时候给书,同学，咱们按时上完第一课，开课第二天我会找您登记地址的哈，连续听课4天就会安排邮寄了~,1,,,
领书条件,书能领吗？,同学，咱们按时上完第一课，开课第二天我会找您登记地址的哈，连续听课4天就会安排邮寄了~,1,,,
领书条件,书什么时候邮寄？,同学，咱们按时上完第一课，开课第二天我会找您登记地址的哈，连续听课4天就会安排邮寄了~,1,,,
领书条件,这里领资料么老师,同学，咱们按时上完第一课，开课第二天我会找您登记地址的哈，连续听课4天就会安排邮寄了~,1,,,
领书条件,需要领两本书,同学，咱们按时上完第一课，开课第二天我会找您登记地址的哈，连续听课4天就会安排邮寄了~,1,,,
领书条件,不用发地址吗？,同学，咱们按时上完第一课，开课第二天我会找您登记地址的哈，连续听课4天就会安排邮寄了~,1,,,
领书条件,地址啥时间发,同学，咱们按时上完第一课，开课第二天我会找您登记地址的哈，连续听课4天就会安排邮寄了~,1,,,
领书条件,刚才那个老师要地址，我要给你地址吗？,同学，咱们按时上完第一课，开课第二天我会找您登记地址的哈，连续听课4天就会安排邮寄了~,1,,,
领书条件,还用收货地址吗,同学，咱们按时上完第一课，开课第二天我会找您登记地址的哈，连续听课4天就会安排邮寄了~,1,,,
领书条件,老师：怎么领书请告知一下。我已加了你呀！,同学，咱们按时上完第一课，开课第二天我会找您登记地址的哈，连续听课4天就会安排邮寄了~,1,,,
领书条件,老师您好，说是给两本理财产品，怎么给邮递,同学，咱们按时上完第一课，开课第二天我会找您登记地址的哈，连续听课4天就会安排邮寄了~,1,,,
领书条件,您好是把收货地址发给你吗？,同学，咱们按时上完第一课，开课第二天我会找您登记地址的哈，连续听课4天就会安排邮寄了~,1,,,
领书条件,让我给你地址,同学，咱们按时上完第一课，开课第二天我会找您登记地址的哈，连续听课4天就会安排邮寄了~,1,,,
领书条件,手册多会儿给我了,同学，咱们按时上完第一课，开课第二天我会找您登记地址的哈，连续听课4天就会安排邮寄了~,1,,,
领书条件,书什么时候给我发过来,同学，咱们按时上完第一课，开课第二天我会找您登记地址的哈，连续听课4天就会安排邮寄了~,1,,,
领书条件,我那个书应该怎么领呢,同学，咱们按时上完第一课，开课第二天我会找您登记地址的哈，连续听课4天就会安排邮寄了~,1,,,
领书条件,怎么领资料阿,同学，咱们按时上完第一课，开课第二天我会找您登记地址的哈，连续听课4天就会安排邮寄了~,1,,,
领书条件,之前就上过课，也没有见发书啊,同学，咱们按时上完第一课，开课第二天我会找您登记地址的哈，连续听课4天就会安排邮寄了~,1,,,
领书条件,老师你好！我只领书，谢谢,同学，咱们按时上完第一课，开课第二天我会找您登记地址的哈，连续听课4天就会安排邮寄了~,1,,,
领书条件,还有书籍呢？,同学，咱们按时上完第一课，开课第二天我会找您登记地址的哈，连续听课4天就会安排邮寄了~,1,,,
领书条件,实物书籍是什么书呀,同学，咱们按时上完第一课，开课第二天我会找您登记地址的哈，连续听课4天就会安排邮寄了~,1,,,
领书条件,书发哪里,同学，咱们按时上完第一课，开课第二天我会找您登记地址的哈，连续听课4天就会安排邮寄了~,1,,,
领书条件,怎么领书，老师,同学，咱们按时上完第一课，开课第二天我会找您登记地址的哈，连续听课4天就会安排邮寄了~,1,,,
领书条件,还有书籍，还邮寄?你们不图啥?,同学，咱们按时上完第一课，开课第二天我会找您登记地址的哈，连续听课4天就会安排邮寄了~,1,,,
领书条件,有书籍的教材吗？,同学，咱们按时上完第一课，开课第二天我会找您登记地址的哈，连续听课4天就会安排邮寄了~,1,,,
领书条件,邮寄的手册？,同学，咱们按时上完第一课，开课第二天我会找您登记地址的哈，连续听课4天就会安排邮寄了~,1,,,
领书条件,礼包如何领取,同学，咱们按时上完第一课，开课第二天我会找您登记地址的哈，连续听课4天就会安排邮寄了~,1,,,
领书条件,其他的书不能发一些吗？就你给我发的那图片上的书,同学，咱们按时上完第一课，开课第二天我会找您登记地址的哈，连续听课4天就会安排邮寄了~,1,,,
领书条件,如何领资料？,同学，咱们按时上完第一课，开课第二天我会找您登记地址的哈，连续听课4天就会安排邮寄了~,1,,,
领书条件,怎么领资料？,同学，咱们按时上完第一课，开课第二天我会找您登记地址的哈，连续听课4天就会安排邮寄了~,1,,,
领书条件,书在哪领,同学，咱们按时上完第一课，开课第二天我会找您登记地址的哈，连续听课4天就会安排邮寄了~,1,,,
领书条件,我怎么领取礼品呢,同学，咱们按时上完第一课，开课第二天我会找您登记地址的哈，连续听课4天就会安排邮寄了~,1,,,
没钱理财,没有钱理什么财,同学，就因为咱们现在没钱才更应该来学习理财，学到了理财方法，去有机会改变咱们的生活，而且您现在没钱，不代表我们以后也没钱，多学习一门技能肯定是对您有帮助的,1,,,
没钱理财,老师对不起，理什么财吃都吃不上，让房贷都压的不行了，哪来的钱理财，谢谢老师不用费心了,同学，就因为咱们现在没钱才更应该来学习理财，学到了理财方法，去有机会改变咱们的生活，而且您现在没钱，不代表我们以后也没钱，多学习一门技能肯定是对您有帮助的,1,,,
没钱理财,老师，我没有钱，靠每一天打工，能理什么财呀？,同学，就因为咱们现在没钱才更应该来学习理财，学到了理财方法，去有机会改变咱们的生活，而且您现在没钱，不代表我们以后也没钱，多学习一门技能肯定是对您有帮助的,1,,,
没钱理财,我现在穷光蛋一分钱没有怎么理财,同学，就因为咱们现在没钱才更应该来学习理财，学到了理财方法，去有机会改变咱们的生活，而且您现在没钱，不代表我们以后也没钱，多学习一门技能肯定是对您有帮助的,1,,,
没钱理财,我很穷的没什么钱了,同学，就因为咱们现在没钱才更应该来学习理财，学到了理财方法，去有机会改变咱们的生活，而且您现在没钱，不代表我们以后也没钱，多学习一门技能肯定是对您有帮助的,1,,,
没钱理财,感觉我这样的穷人没有钱，没有财可理,同学，就因为咱们现在没钱才更应该来学习理财，学到了理财方法，去有机会改变咱们的生活，而且您现在没钱，不代表我们以后也没钱，多学习一门技能肯定是对您有帮助的,1,,,
没时间,不行，我每天晚7：30要开会。等等行吗,同学，那这样行不行，开课后你进课堂待十几分钟打个卡，激活一下回放，到时候有时间了咱们看回放,1,,,
没时间,每天晚上8点至10点都在上课学习,同学，那这样行不行，开课后你进课堂待十几分钟打个卡，激活一下回放，到时候有时间了咱们看回放,1,,,
没时间,老师你好！不好意思，这个点在上班，时间有些困难，抱欠,同学，那这样行不行，开课后你进课堂待十几分钟打个卡，激活一下回放，到时候有时间了咱们看回放,1,,,
没时间,夜班,同学，那这样行不行，开课后你进课堂待十几分钟打个卡，激活一下回放，到时候有时间了咱们看回放,1,,,
没时间,可以爬楼吗？不一定有时间,同学，那这样行不行，开课后你进课堂待十几分钟打个卡，激活一下回放，到时候有时间了咱们看回放,1,,,
没时间,没时间,同学，那这样行不行，开课后你进课堂待十几分钟打个卡，激活一下回放，到时候有时间了咱们看回放,1,,,
没时间,没时间上课,同学，那这样行不行，开课后你进课堂待十几分钟打个卡，激活一下回放，到时候有时间了咱们看回放,1,,,
没时间,没时间听课,同学，那这样行不行，开课后你进课堂待十几分钟打个卡，激活一下回放，到时候有时间了咱们看回放,1,,,
没时间,没有时间,同学，那这样行不行，开课后你进课堂待十几分钟打个卡，激活一下回放，到时候有时间了咱们看回放,1,,,
没时间,在带孩子，时间没那么自由,同学，那这样行不行，开课后你进课堂待十几分钟打个卡，激活一下回放，到时候有时间了咱们看回放,1,,,
没时间,晚上要加班,同学，那这样行不行，开课后你进课堂待十几分钟打个卡，激活一下回放，到时候有时间了咱们看回放,1,,,
没时间,老师每天早上七点半到九点半我在上网课，晚上七点半到九点半也上网课,同学，那这样行不行，开课后你进课堂待十几分钟打个卡，激活一下回放，到时候有时间了咱们看回放,1,,,
没时间,老师你好！7点45这个时间段我没时间怎么办，可以安排回放吗？九点半以后。,同学，那这样行不行，开课后你进课堂待十几分钟打个卡，激活一下回放，到时候有时间了咱们看回放,1,,,
没时间,那个点没有时间啊,同学，那这样行不行，开课后你进课堂待十几分钟打个卡，激活一下回放，到时候有时间了咱们看回放,1,,,
没时间,我九点下班哦，没时间吧,同学，那这样行不行，开课后你进课堂待十几分钟打个卡，激活一下回放，到时候有时间了咱们看回放,1,,,
没时间,我没空啊，要带宝宝,同学，那这样行不行，开课后你进课堂待十几分钟打个卡，激活一下回放，到时候有时间了咱们看回放,1,,,
没时间,晚上8点，太晚了，上了年纪早睡啊,同学，那这样行不行，开课后你进课堂待十几分钟打个卡，激活一下回放，到时候有时间了咱们看回放,1,,,
没时间,我八点半才下班呢,同学，那这样行不行，开课后你进课堂待十几分钟打个卡，激活一下回放，到时候有时间了咱们看回放,1,,,
没时间,除了。礼拜六跟礼拜天有时间，平时要加班。,同学，那这样行不行，开课后你进课堂待十几分钟打个卡，激活一下回放，到时候有时间了咱们看回放,1,,,
没时间,我怕我看不上，孩子在做作业,同学，那这样行不行，开课后你进课堂待十几分钟打个卡，激活一下回放，到时候有时间了咱们看回放,1,,,
没时间,老师星期星期五和星期六，星期日不上课我很忙,同学，那这样行不行，开课后你进课堂待十几分钟打个卡，激活一下回放，到时候有时间了咱们看回放,1,,,
没时间,我的时间估计够呛,同学，那这样行不行，开课后你进课堂待十几分钟打个卡，激活一下回放，到时候有时间了咱们看回放,1,,,
没时间,我在上班,同学，那这样行不行，开课后你进课堂待十几分钟打个卡，激活一下回放，到时候有时间了咱们看回放,1,,,
没时间,要不等我时间固定约吧，我下周还要出,同学，那这样行不行，开课后你进课堂待十几分钟打个卡，激活一下回放，到时候有时间了咱们看回放,1,,,
没时间,我可以早上听吗？你录好视频了就可以才时候听课的。,同学，那这样行不行，开课后你进课堂待十几分钟打个卡，激活一下回放，到时候有时间了咱们看回放,1,,,
没时间,白天没时间，晚上有空我回家看回放可以吧？,同学，那这样行不行，开课后你进课堂待十几分钟打个卡，激活一下回放，到时候有时间了咱们看回放,1,,,
没时间,够呛，晚上睡觉早，天天干活累啊,同学，那这样行不行，开课后你进课堂待十几分钟打个卡，激活一下回放，到时候有时间了咱们看回放,1,,,
没时间,江源老师您好:，因我每天晚七点半要进传统文化道德经课的堂，时间一个半小时，和你们上课时间碰到一起怎么办,同学，那这样行不行，开课后你进课堂待十几分钟打个卡，激活一下回放，到时候有时间了咱们看回放,1,,,
没时间,接不了，我晚上，上夜班,同学，那这样行不行，开课后你进课堂待十几分钟打个卡，激活一下回放，到时候有时间了咱们看回放,1,,,
没时间,可惜了，这个时间不行，不然我还是能签到的,同学，那这样行不行，开课后你进课堂待十几分钟打个卡，激活一下回放，到时候有时间了咱们看回放,1,,,
没时间,老师，我还没下班，手机进去挂机5分钟吧,同学，那这样行不行，开课后你进课堂待十几分钟打个卡，激活一下回放，到时候有时间了咱们看回放,1,,,
没时间,老师好！我是农民！农村人，什么有时间！也不定呀？,同学，那这样行不行，开课后你进课堂待十几分钟打个卡，激活一下回放，到时候有时间了咱们看回放,1,,,
没时间,那时我在上班,同学，那这样行不行，开课后你进课堂待十几分钟打个卡，激活一下回放，到时候有时间了咱们看回放,1,,,
没时间,你好那个点我没时间听课到时我尽量抽时间听吧,同学，那这样行不行，开课后你进课堂待十几分钟打个卡，激活一下回放，到时候有时间了咱们看回放,1,,,
没时间,上夜班没有时间啊,同学，那这样行不行，开课后你进课堂待十几分钟打个卡，激活一下回放，到时候有时间了咱们看回放,1,,,
没时间,晚上要等我忙完了才可以听课可以吗,同学，那这样行不行，开课后你进课堂待十几分钟打个卡，激活一下回放，到时候有时间了咱们看回放,1,,,
没时间,我8点听课听不了，我在上班，怎么办,同学，那这样行不行，开课后你进课堂待十几分钟打个卡，激活一下回放，到时候有时间了咱们看回放,1,,,
没时间,我9点20分才下班，怎么办呢？,同学，那这样行不行，开课后你进课堂待十几分钟打个卡，激活一下回放，到时候有时间了咱们看回放,1,,,
没时间,我八点半下班,同学，那这样行不行，开课后你进课堂待十几分钟打个卡，激活一下回放，到时候有时间了咱们看回放,1,,,
没时间,我八点半下班没时间,同学，那这样行不行，开课后你进课堂待十几分钟打个卡，激活一下回放，到时候有时间了咱们看回放,1,,,
没时间,我晚上没有时间，我晚上要聚会，我是个基督徒，要不我就退出来,同学，那这样行不行，开课后你进课堂待十几分钟打个卡，激活一下回放，到时候有时间了咱们看回放,1,,,
没时间,我现在有点忙，晚上吧,同学，那这样行不行，开课后你进课堂待十几分钟打个卡，激活一下回放，到时候有时间了咱们看回放,1,,,
没时间,我最近都没有什么空,同学，那这样行不行，开课后你进课堂待十几分钟打个卡，激活一下回放，到时候有时间了咱们看回放,1,,,
没时间,最近没什么时间,同学，那这样行不行，开课后你进课堂待十几分钟打个卡，激活一下回放，到时候有时间了咱们看回放,1,,,
没时间,我怕到时候要事要忙,同学，那这样行不行，开课后你进课堂待十几分钟打个卡，激活一下回放，到时候有时间了咱们看回放,1,,,
没时间,主播间我参加不了,同学，那这样行不行，开课后你进课堂待十几分钟打个卡，激活一下回放，到时候有时间了咱们看回放,1,,,
没时间,不好意思，我晚上上班,同学，那这样行不行，开课后你进课堂待十几分钟打个卡，激活一下回放，到时候有时间了咱们看回放,1,,,
没时间,时间晚点可以吗，八点没时间,同学，那这样行不行，开课后你进课堂待十几分钟打个卡，激活一下回放，到时候有时间了咱们看回放,1,,,
没时间,我晚上没时间听课,同学，那这样行不行，开课后你进课堂待十几分钟打个卡，激活一下回放，到时候有时间了咱们看回放,1,,,
没时间,八点孩子没睡我可能没时间,同学，那这样行不行，开课后你进课堂待十几分钟打个卡，激活一下回放，到时候有时间了咱们看回放,1,,,
没时间,八点我没有时间,同学，那这样行不行，开课后你进课堂待十几分钟打个卡，激活一下回放，到时候有时间了咱们看回放,1,,,
没时间,八点我也上课,同学，那这样行不行，开课后你进课堂待十几分钟打个卡，激活一下回放，到时候有时间了咱们看回放,1,,,
没时间,不好意思，看我上班吗,同学，那这样行不行，开课后你进课堂待十几分钟打个卡，激活一下回放，到时候有时间了咱们看回放,1,,,
没时间,不好意思，我上夜班，晚上得上班,同学，那这样行不行，开课后你进课堂待十几分钟打个卡，激活一下回放，到时候有时间了咱们看回放,1,,,
没时间,不好意思，这个时间我最忙,同学，那这样行不行，开课后你进课堂待十几分钟打个卡，激活一下回放，到时候有时间了咱们看回放,1,,,
没时间,不能，到时说吧,同学，那这样行不行，开课后你进课堂待十几分钟打个卡，激活一下回放，到时候有时间了咱们看回放,1,,,
没时间,不能，要上班,同学，那这样行不行，开课后你进课堂待十几分钟打个卡，激活一下回放，到时候有时间了咱们看回放,1,,,
没时间,不能，有事,同学，那这样行不行，开课后你进课堂待十几分钟打个卡，激活一下回放，到时候有时间了咱们看回放,1,,,
没时间,不行，有事,同学，那这样行不行，开课后你进课堂待十几分钟打个卡，激活一下回放，到时候有时间了咱们看回放,1,,,
没时间,不行?。我时间来不及,同学，那这样行不行，开课后你进课堂待十几分钟打个卡，激活一下回放，到时候有时间了咱们看回放,1,,,
没时间,工作原因，我晚上5点到9点下班,同学，那这样行不行，开课后你进课堂待十几分钟打个卡，激活一下回放，到时候有时间了咱们看回放,1,,,
没时间,基本差不多我在上班呢,同学，那这样行不行，开课后你进课堂待十几分钟打个卡，激活一下回放，到时候有时间了咱们看回放,1,,,
没时间,加班车间好吵听不了,同学，那这样行不行，开课后你进课堂待十几分钟打个卡，激活一下回放，到时候有时间了咱们看回放,1,,,
没时间,今晚没空哦,同学，那这样行不行，开课后你进课堂待十几分钟打个卡，激活一下回放，到时候有时间了咱们看回放,1,,,
没时间,可以的，但是我每晚8点学习法华愣严课(佛教)怎么办,同学，那这样行不行，开课后你进课堂待十几分钟打个卡，激活一下回放，到时候有时间了咱们看回放,1,,,
没时间,老师，我上夜班，这如何上呢,同学，那这样行不行，开课后你进课堂待十几分钟打个卡，激活一下回放，到时候有时间了咱们看回放,1,,,
没时间,老师好！白天有课吗？,同学，那这样行不行，开课后你进课堂待十几分钟打个卡，激活一下回放，到时候有时间了咱们看回放,1,,,
没时间,老师我晚上八点上班，怎么办呢,同学，那这样行不行，开课后你进课堂待十几分钟打个卡，激活一下回放，到时候有时间了咱们看回放,1,,,
没时间,没空,同学，那这样行不行，开课后你进课堂待十几分钟打个卡，激活一下回放，到时候有时间了咱们看回放,1,,,
没时间,没有时间，在在工地上班！白天有点时间，下午三点多以后没有时,同学，那这样行不行，开课后你进课堂待十几分钟打个卡，激活一下回放，到时候有时间了咱们看回放,1,,,
没时间,没有时间上课啊,同学，那这样行不行，开课后你进课堂待十几分钟打个卡，激活一下回放，到时候有时间了咱们看回放,1,,,
没时间,没有时间听,同学，那这样行不行，开课后你进课堂待十几分钟打个卡，激活一下回放，到时候有时间了咱们看回放,1,,,
没时间,上午上课行吗,同学，那这样行不行，开课后你进课堂待十几分钟打个卡，激活一下回放，到时候有时间了咱们看回放,1,,,
没时间,晚上没时间啊,同学，那这样行不行，开课后你进课堂待十几分钟打个卡，激活一下回放，到时候有时间了咱们看回放,1,,,
没时间,我9点下班,同学，那这样行不行，开课后你进课堂待十几分钟打个卡，激活一下回放，到时候有时间了咱们看回放,1,,,
没时间,我八点才下班，时间可以推迟点吗,同学，那这样行不行，开课后你进课堂待十几分钟打个卡，激活一下回放，到时候有时间了咱们看回放,1,,,
没时间,我不是说了我晚上没有时间吗？,同学，那这样行不行，开课后你进课堂待十几分钟打个卡，激活一下回放，到时候有时间了咱们看回放,1,,,
没时间,我不怎么有时间,同学，那这样行不行，开课后你进课堂待十几分钟打个卡，激活一下回放，到时候有时间了咱们看回放,1,,,
没时间,我带孩子没啥时间,同学，那这样行不行，开课后你进课堂待十几分钟打个卡，激活一下回放，到时候有时间了咱们看回放,1,,,
没时间,我还在上班800才下9oo刚才回到家,同学，那这样行不行，开课后你进课堂待十几分钟打个卡，激活一下回放，到时候有时间了咱们看回放,1,,,
没时间,我可以九点上课吗,同学，那这样行不行，开课后你进课堂待十几分钟打个卡，激活一下回放，到时候有时间了咱们看回放,1,,,
没时间,我没有固定时间学呀？,同学，那这样行不行，开课后你进课堂待十几分钟打个卡，激活一下回放，到时候有时间了咱们看回放,1,,,
没时间,我日常有点忙,同学，那这样行不行，开课后你进课堂待十几分钟打个卡，激活一下回放，到时候有时间了咱们看回放,1,,,
没时间,我天天上夜班，上班不能带手机,同学，那这样行不行，开课后你进课堂待十几分钟打个卡，激活一下回放，到时候有时间了咱们看回放,1,,,
没时间,我晚上没有时间听呢,同学，那这样行不行，开课后你进课堂待十几分钟打个卡，激活一下回放，到时候有时间了咱们看回放,1,,,
没时间,我在酒店上班9点半下班，7｀45那个时间正在忙，那该怎么办？,同学，那这样行不行，开课后你进课堂待十几分钟打个卡，激活一下回放，到时候有时间了咱们看回放,1,,,
没时间,我这个微信党课也是晚上七点到九点呀！,同学，那这样行不行，开课后你进课堂待十几分钟打个卡，激活一下回放，到时候有时间了咱们看回放,1,,,
没时间,要是有时间就上吧,同学，那这样行不行，开课后你进课堂待十几分钟打个卡，激活一下回放，到时候有时间了咱们看回放,1,,,
没时间,这个时间点我没时间,同学，那这样行不行，开课后你进课堂待十几分钟打个卡，激活一下回放，到时候有时间了咱们看回放,1,,,
没时间,这个星期不能,同学，那这样行不行，开课后你进课堂待十几分钟打个卡，激活一下回放，到时候有时间了咱们看回放,1,,,
没时间,不好意思没有时间,同学，那这样行不行，开课后你进课堂待十几分钟打个卡，激活一下回放，到时候有时间了咱们看回放,1,,,
没时间,不能，上班,同学，那这样行不行，开课后你进课堂待十几分钟打个卡，激活一下回放，到时候有时间了咱们看回放,1,,,
没时间,上晚班？要10点半下班,同学，那这样行不行，开课后你进课堂待十几分钟打个卡，激活一下回放，到时候有时间了咱们看回放,1,,,
没时间,有时候没时间,同学，那这样行不行，开课后你进课堂待十几分钟打个卡，激活一下回放，到时候有时间了咱们看回放,1,,,
没时间,我在上班，有时候跟不上上课的时间点，实操课时间点怎么办,同学，那这样行不行，开课后你进课堂待十几分钟打个卡，激活一下回放，到时候有时间了咱们看回放,1,,,
没时间,哪有这么多时间啊,同学，那这样行不行，开课后你进课堂待十几分钟打个卡，激活一下回放，到时候有时间了咱们看回放,1,,,
没时间,那听不上怎么办？,同学，那这样行不行，开课后你进课堂待十几分钟打个卡，激活一下回放，到时候有时间了咱们看回放,1,,,
没时间,时间不允许？,同学，那这样行不行，开课后你进课堂待十几分钟打个卡，激活一下回放，到时候有时间了咱们看回放,1,,,
没时间,晚上有孩子要照顾，不方便,同学，那这样行不行，开课后你进课堂待十几分钟打个卡，激活一下回放，到时候有时间了咱们看回放,1,,,
没时间,我上班8点下班有时候9点多下班不固定时间,同学，那这样行不行，开课后你进课堂待十几分钟打个卡，激活一下回放，到时候有时间了咱们看回放,1,,,
没时间,有没有白天上课的，晚上没空啊,同学，那这样行不行，开课后你进课堂待十几分钟打个卡，激活一下回放，到时候有时间了咱们看回放,1,,,
没时间,8点未下班9点才落班,同学，那这样行不行，开课后你进课堂待十几分钟打个卡，激活一下回放，到时候有时间了咱们看回放,1,,,
没时间,不可以呢。我这边有其他的课程,同学，那这样行不行，开课后你进课堂待十几分钟打个卡，激活一下回放，到时候有时间了咱们看回放,1,,,
没时间,还在火车站，尽量吧,同学，那这样行不行，开课后你进课堂待十几分钟打个卡，激活一下回放，到时候有时间了咱们看回放,1,,,
没时间,没时间，上班,同学，那这样行不行，开课后你进课堂待十几分钟打个卡，激活一下回放，到时候有时间了咱们看回放,1,,,
没时间,没时间，在上班,同学，那这样行不行，开课后你进课堂待十几分钟打个卡，激活一下回放，到时候有时间了咱们看回放,1,,,
没时间,没在家,同学，那这样行不行，开课后你进课堂待十几分钟打个卡，激活一下回放，到时候有时间了咱们看回放,1,,,
没时间,上班,同学，那这样行不行，开课后你进课堂待十几分钟打个卡，激活一下回放，到时候有时间了咱们看回放,1,,,
没时间,上不了,同学，那这样行不行，开课后你进课堂待十几分钟打个卡，激活一下回放，到时候有时间了咱们看回放,1,,,
没时间,上其他课,同学，那这样行不行，开课后你进课堂待十几分钟打个卡，激活一下回放，到时候有时间了咱们看回放,1,,,
没时间,上夜班，老师,同学，那这样行不行，开课后你进课堂待十几分钟打个卡，激活一下回放，到时候有时间了咱们看回放,1,,,
没时间,时间冲突,同学，那这样行不行，开课后你进课堂待十几分钟打个卡，激活一下回放，到时候有时间了咱们看回放,1,,,
没时间,我没时间上,同学，那这样行不行，开课后你进课堂待十几分钟打个卡，激活一下回放，到时候有时间了咱们看回放,1,,,
没时间,我有点忙啊,同学，那这样行不行，开课后你进课堂待十几分钟打个卡，激活一下回放，到时候有时间了咱们看回放,1,,,
没时间,我只有晚上六点后有时间可以吗,同学，那这样行不行，开课后你进课堂待十几分钟打个卡，激活一下回放，到时候有时间了咱们看回放,1,,,
没时间,现在上学课多，有时候没有时间听,同学，那这样行不行，开课后你进课堂待十几分钟打个卡，激活一下回放，到时候有时间了咱们看回放,1,,,
没时间,星期一和星期二不能，在上补习班,同学，那这样行不行，开课后你进课堂待十几分钟打个卡，激活一下回放，到时候有时间了咱们看回放,1,,,
没时间,最近晚上加班呢，时间冲突,同学，那这样行不行，开课后你进课堂待十几分钟打个卡，激活一下回放，到时候有时间了咱们看回放,1,,,
没时间,8点上不了，在上班,同学，那这样行不行，开课后你进课堂待十几分钟打个卡，激活一下回放，到时候有时间了咱们看回放,1,,,
没时间,这个点我店里正忙呢,同学，那这样行不行，开课后你进课堂待十几分钟打个卡，激活一下回放，到时候有时间了咱们看回放,1,,,
没时间,老师，我没时间,同学，那这样行不行，开课后你进课堂待十几分钟打个卡，激活一下回放，到时候有时间了咱们看回放,1,,,
没时间,这段时间有点忙，过些时候在上可以吗？,同学，那这样行不行，开课后你进课堂待十几分钟打个卡，激活一下回放，到时候有时间了咱们看回放,1,,,
没时间,老师我下班很晚的，有时候要晚上十二点才下班,同学，那这样行不行，开课后你进课堂待十几分钟打个卡，激活一下回放，到时候有时间了咱们看回放,1,,,
没时间,可是我想问你一下，我们那个时候没有时间听怎么办,同学，那这样行不行，开课后你进课堂待十几分钟打个卡，激活一下回放，到时候有时间了咱们看回放,1,,,
没时间,我上班,同学，那这样行不行，开课后你进课堂待十几分钟打个卡，激活一下回放，到时候有时间了咱们看回放,1,,,
没时间,白天只有中午有点休息时间，其他时间都在上班,同学，那这样行不行，开课后你进课堂待十几分钟打个卡，激活一下回放，到时候有时间了咱们看回放,1,,,
没时间,老师，我晚上八点上不到课，在上班，正是忙的时候,同学，那这样行不行，开课后你进课堂待十几分钟打个卡，激活一下回放，到时候有时间了咱们看回放,1,,,
没时间,我没有时间,同学，那这样行不行，开课后你进课堂待十几分钟打个卡，激活一下回放，到时候有时间了咱们看回放,1,,,
没时间,我上夜班，白天还要休息，怎么办老师,同学，那这样行不行，开课后你进课堂待十几分钟打个卡，激活一下回放，到时候有时间了咱们看回放,1,,,
没时间,也想学呀，可是我要有时间学习,同学，那这样行不行，开课后你进课堂待十几分钟打个卡，激活一下回放，到时候有时间了咱们看回放,1,,,
没时间,加班,同学，那这样行不行，开课后你进课堂待十几分钟打个卡，激活一下回放，到时候有时间了咱们看回放,1,,,
没时间,老师！我那段时间忙，上不了课,同学，那这样行不行，开课后你进课堂待十几分钟打个卡，激活一下回放，到时候有时间了咱们看回放,1,,,
没时间,时间不行、不合适,同学，那这样行不行，开课后你进课堂待十几分钟打个卡，激活一下回放，到时候有时间了咱们看回放,1,,,
没时间,我都是平常九点的时候才能看手机,同学，那这样行不行，开课后你进课堂待十几分钟打个卡，激活一下回放，到时候有时间了咱们看回放,1,,,
没时间,我就最近这几天没时间,同学，那这样行不行，开课后你进课堂待十几分钟打个卡，激活一下回放，到时候有时间了咱们看回放,1,,,
没时间,要是不加班，是有时间的,同学，那这样行不行，开课后你进课堂待十几分钟打个卡，激活一下回放，到时候有时间了咱们看回放,1,,,
没时间,没时间老师,同学，那这样行不行，开课后你进课堂待十几分钟打个卡，激活一下回放，到时候有时间了咱们看回放,1,,,
没时间,今晚8点不行，那个点我还没下班,同学，那这样行不行，开课后你进课堂待十几分钟打个卡，激活一下回放，到时候有时间了咱们看回放,1,,,
没时间,上班呢到晚上11点,同学，那这样行不行，开课后你进课堂待十几分钟打个卡，激活一下回放，到时候有时间了咱们看回放,1,,,
没时间,请问，有十点以后的课吗，十点，我才下班,同学，那这样行不行，开课后你进课堂待十几分钟打个卡，激活一下回放，到时候有时间了咱们看回放,1,,,
没时间,晚上有事,同学，那这样行不行，开课后你进课堂待十几分钟打个卡，激活一下回放，到时候有时间了咱们看回放,1,,,
没时间,没时间玩手机的,同学，那这样行不行，开课后你进课堂待十几分钟打个卡，激活一下回放，到时候有时间了咱们看回放,1,,,
没时间,上晚班的！没时间,同学，那这样行不行，开课后你进课堂待十几分钟打个卡，激活一下回放，到时候有时间了咱们看回放,1,,,
没时间,时间过早，赶不上,同学，那这样行不行，开课后你进课堂待十几分钟打个卡，激活一下回放，到时候有时间了咱们看回放,1,,,
没时间,晚上没空，对不起,同学，那这样行不行，开课后你进课堂待十几分钟打个卡，激活一下回放，到时候有时间了咱们看回放,1,,,
没时间,晚上七点我还上班了，不好意思了老师,同学，那这样行不行，开课后你进课堂待十几分钟打个卡，激活一下回放，到时候有时间了咱们看回放,1,,,
没时间,晚上夜班没时间,同学，那这样行不行，开课后你进课堂待十几分钟打个卡，激活一下回放，到时候有时间了咱们看回放,1,,,
没时间,我8点多才有时间,同学，那这样行不行，开课后你进课堂待十几分钟打个卡，激活一下回放，到时候有时间了咱们看回放,1,,,
没时间,我没空啊，要哄娃,同学，那这样行不行，开课后你进课堂待十几分钟打个卡，激活一下回放，到时候有时间了咱们看回放,1,,,
没时间,我那个时候真忙了,同学，那这样行不行，开课后你进课堂待十几分钟打个卡，激活一下回放，到时候有时间了咱们看回放,1,,,
没时间,我上班，有山空才能学习,同学，那这样行不行，开课后你进课堂待十几分钟打个卡，激活一下回放，到时候有时间了咱们看回放,1,,,
没时间,我晚上上班呀老师,同学，那这样行不行，开课后你进课堂待十几分钟打个卡，激活一下回放，到时候有时间了咱们看回放,1,,,
没时间,我无法听课，因为我上夜班，很早就得离家,同学，那这样行不行，开课后你进课堂待十几分钟打个卡，激活一下回放，到时候有时间了咱们看回放,1,,,
没时间,我这几天都有课程！怕晚上上不了课,同学，那这样行不行，开课后你进课堂待十几分钟打个卡，激活一下回放，到时候有时间了咱们看回放,1,,,
没时间,我最没时间,同学，那这样行不行，开课后你进课堂待十几分钟打个卡，激活一下回放，到时候有时间了咱们看回放,1,,,
没时间,现在上班都是十二点下班的！,同学，那这样行不行，开课后你进课堂待十几分钟打个卡，激活一下回放，到时候有时间了咱们看回放,1,,,
没时间,谢谢老师:没时间听！,同学，那这样行不行，开课后你进课堂待十几分钟打个卡，激活一下回放，到时候有时间了咱们看回放,1,,,
没时间,这两个月之内我晚上没有时间来听课，我要加参＇其他会议，等以后我们这些网上手机会议结束，再来参加听课，可不可以？,同学，那这样行不行，开课后你进课堂待十几分钟打个卡，激活一下回放，到时候有时间了咱们看回放,1,,,
没时间,我这边临时有事,同学，那这样行不行，开课后你进课堂待十几分钟打个卡，激活一下回放，到时候有时间了咱们看回放,1,,,
没时间,那个时间在忙呢,同学，那这样行不行，开课后你进课堂待十几分钟打个卡，激活一下回放，到时候有时间了咱们看回放,1,,,
没时间,你们晚上八点上课的时候我也在上课,同学，那这样行不行，开课后你进课堂待十几分钟打个卡，激活一下回放，到时候有时间了咱们看回放,1,,,
没时间,时间不允许,同学，那这样行不行，开课后你进课堂待十几分钟打个卡，激活一下回放，到时候有时间了咱们看回放,1,,,
没时间,我晚上没时间要加班,同学，那这样行不行，开课后你进课堂待十几分钟打个卡，激活一下回放，到时候有时间了咱们看回放,1,,,
没时间,要上班了，没时间,同学，那这样行不行，开课后你进课堂待十几分钟打个卡，激活一下回放，到时候有时间了咱们看回放,1,,,
没时间,时间有点长，怕到时候没有时间,同学，那这样行不行，开课后你进课堂待十几分钟打个卡，激活一下回放，到时候有时间了咱们看回放,1,,,
没时间,不好意思，没时间,同学，那这样行不行，开课后你进课堂待十几分钟打个卡，激活一下回放，到时候有时间了咱们看回放,1,,,
没时间,不能，上班参加不了,同学，那这样行不行，开课后你进课堂待十几分钟打个卡，激活一下回放，到时候有时间了咱们看回放,1,,,
没时间,师对不起因为我太忙没有时间多所以我没有好好听课,同学，那这样行不行，开课后你进课堂待十几分钟打个卡，激活一下回放，到时候有时间了咱们看回放,1,,,
没时间,这段时间都没有时间，比较忙，老师,同学，那这样行不行，开课后你进课堂待十几分钟打个卡，激活一下回放，到时候有时间了咱们看回放,1,,,
没时间,我晚上上夜班,同学，那这样行不行，开课后你进课堂待十几分钟打个卡，激活一下回放，到时候有时间了咱们看回放,1,,,
没时间,上午好！不好意思，我上晚班，晚8点到早8点，实在报歉！有回放吗？,同学，那这样行不行，开课后你进课堂待十几分钟打个卡，激活一下回放，到时候有时间了咱们看回放,1,,,
没时间,不能，我有课。,同学，那这样行不行，开课后你进课堂待十几分钟打个卡，激活一下回放，到时候有时间了咱们看回放,1,,,
没时间,不能啊，夜班没法听,同学，那这样行不行，开课后你进课堂待十几分钟打个卡，激活一下回放，到时候有时间了咱们看回放,1,,,
没时间,那时我怕没时间听啊，我在上班呢,同学，那这样行不行，开课后你进课堂待十几分钟打个卡，激活一下回放，到时候有时间了咱们看回放,1,,,
没时间,上的夜班,同学，那这样行不行，开课后你进课堂待十几分钟打个卡，激活一下回放，到时候有时间了咱们看回放,1,,,
没时间,时间冲突了,同学，那这样行不行，开课后你进课堂待十几分钟打个卡，激活一下回放，到时候有时间了咱们看回放,1,,,
没时间,晚上没时间，要加班,同学，那这样行不行，开课后你进课堂待十几分钟打个卡，激活一下回放，到时候有时间了咱们看回放,1,,,
没时间,我要加班,同学，那这样行不行，开课后你进课堂待十几分钟打个卡，激活一下回放，到时候有时间了咱们看回放,1,,,
没时间,这几天还不行,同学，那这样行不行，开课后你进课堂待十几分钟打个卡，激活一下回放，到时候有时间了咱们看回放,1,,,
没时间,最好是礼拜六，礼拜天上课,同学，那这样行不行，开课后你进课堂待十几分钟打个卡，激活一下回放，到时候有时间了咱们看回放,1,,,
没时间,这几天不行，我有事,同学，那这样行不行，开课后你进课堂待十几分钟打个卡，激活一下回放，到时候有时间了咱们看回放,1,,,
没时间,不是八点吗？怎么又是7：45，我是上班族，我要8点才下班呢,同学，那这样行不行，开课后你进课堂待十几分钟打个卡，激活一下回放，到时候有时间了咱们看回放,1,,,
没时间,今晚请客怎么办,同学，那这样行不行，开课后你进课堂待十几分钟打个卡，激活一下回放，到时候有时间了咱们看回放,1,,,
没时间,立华老师，进去晚了，没多久就结束直播了,同学，那这样行不行，开课后你进课堂待十几分钟打个卡，激活一下回放，到时候有时间了咱们看回放,1,,,
没时间,加班没有时间上,同学，那这样行不行，开课后你进课堂待十几分钟打个卡，激活一下回放，到时候有时间了咱们看回放,1,,,
没时间,老师我没时间听课，我要带小孩。,同学，那这样行不行，开课后你进课堂待十几分钟打个卡，激活一下回放，到时候有时间了咱们看回放,1,,,
没时间,能听录播的么，我那个点要接孩子,同学，那这样行不行，开课后你进课堂待十几分钟打个卡，激活一下回放，到时候有时间了咱们看回放,1,,,
没时间,我每天晚上都要上班啊,同学，那这样行不行，开课后你进课堂待十几分钟打个卡，激活一下回放，到时候有时间了咱们看回放,1,,,
没信心,水平那么低能学得到吗？？,不用担心，你这次参加的就是小白课、老师就是用大白话讲课的，内容通俗易懂，来听一节课就知道了,1,,,
没信心,真的能帮的到我吗？青青老师我脑子不好使的,不用担心，你这次参加的就是小白课、老师就是用大白话讲课的，内容通俗易懂，来听一节课就知道了,1,,,
没信心,好不好学呢,不用担心，你这次参加的就是小白课、老师就是用大白话讲课的，内容通俗易懂，来听一节课就知道了,1,,,
没信心,我学的比较慢,不用担心，你这次参加的就是小白课、老师就是用大白话讲课的，内容通俗易懂，来听一节课就知道了,1,,,
没信心,我啥也不懂啊，不知道能学习吗,不用担心，你这次参加的就是小白课、老师就是用大白话讲课的，内容通俗易懂，来听一节课就知道了,1,,,
没信心,谢谢老师不知我能不能听懂，我也是六十年代的人,不用担心，你这次参加的就是小白课、老师就是用大白话讲课的，内容通俗易懂，来听一节课就知道了,1,,,
没信心,我能听懂吗？,不用担心，你这次参加的就是小白课、老师就是用大白话讲课的，内容通俗易懂，来听一节课就知道了,1,,,
没信心,不知道能不能听懂,不用担心，你这次参加的就是小白课、老师就是用大白话讲课的，内容通俗易懂，来听一节课就知道了,1,,,
没信心,年龄大了能学会么？,不用担心，你这次参加的就是小白课、老师就是用大白话讲课的，内容通俗易懂，来听一节课就知道了,1,,,
没信心,老师我快50岁，记忆不好，又没收入，在家带娃，学这个有用吗？,不用担心，你这次参加的就是小白课、老师就是用大白话讲课的，内容通俗易懂，来听一节课就知道了,1,,,
没信心,老师你好，我能学会吗？我好像不会,不用担心，你这次参加的就是小白课、老师就是用大白话讲课的，内容通俗易懂，来听一节课就知道了,1,,,
没信心,必须带我这笨学生,不用担心，你这次参加的就是小白课、老师就是用大白话讲课的，内容通俗易懂，来听一节课就知道了,1,,,
没信心,我带着十一个月的孙子，我快六十岁了学得会吗？,不用担心，你这次参加的就是小白课、老师就是用大白话讲课的，内容通俗易懂，来听一节课就知道了,1,,,
没信心,五十多了，能学会吗,不用担心，你这次参加的就是小白课、老师就是用大白话讲课的，内容通俗易懂，来听一节课就知道了,1,,,
没信心,记意力也不好，前面看后面就忘。,不用担心，你这次参加的就是小白课、老师就是用大白话讲课的，内容通俗易懂，来听一节课就知道了,1,,,
没信心,不知道怎么学,不用担心，你这次参加的就是小白课、老师就是用大白话讲课的，内容通俗易懂，来听一节课就知道了,1,,,
没信心,我没文化不知学不学得会喔,不用担心，你这次参加的就是小白课、老师就是用大白话讲课的，内容通俗易懂，来听一节课就知道了,1,,,
没信心,我太笨了有可能学不会学来看看,不用担心，你这次参加的就是小白课、老师就是用大白话讲课的，内容通俗易懂，来听一节课就知道了,1,,,
没信心,先听听，能听得懂再說吧如果听不懂就麻煩了，都有二十多年不上课了,不用担心，你这次参加的就是小白课、老师就是用大白话讲课的，内容通俗易懂，来听一节课就知道了,1,,,
没信心,我学东西比较慢,不用担心，你这次参加的就是小白课、老师就是用大白话讲课的，内容通俗易懂，来听一节课就知道了,1,,,
没信心,我都六十多岁了，可能做不到你们推荐的这个了,不用担心，你这次参加的就是小白课、老师就是用大白话讲课的，内容通俗易懂，来听一节课就知道了,1,,,
没信心,可不可以我是怕你们觉得太累了，我没有什么文化,不用担心，你这次参加的就是小白课、老师就是用大白话讲课的，内容通俗易懂，来听一节课就知道了,1,,,
没信心,我没什么文化,不用担心，你这次参加的就是小白课、老师就是用大白话讲课的，内容通俗易懂，来听一节课就知道了,1,,,
没信心,老师我听到你声音，文化程度低，请谅解,不用担心，你这次参加的就是小白课、老师就是用大白话讲课的，内容通俗易懂，来听一节课就知道了,1,,,
没信心,上课可以，不知道会不会,不用担心，你这次参加的就是小白课、老师就是用大白话讲课的，内容通俗易懂，来听一节课就知道了,1,,,
没信心,我是小白啊，两手空空的什么也不懂,不用担心，你这次参加的就是小白课、老师就是用大白话讲课的，内容通俗易懂，来听一节课就知道了,1,,,
没信心,年龄大了学不明白,不用担心，你这次参加的就是小白课、老师就是用大白话讲课的，内容通俗易懂，来听一节课就知道了,1,,,
没信心,我怕我学不会,不用担心，你这次参加的就是小白课、老师就是用大白话讲课的，内容通俗易懂，来听一节课就知道了,1,,,
没信心,不知能不能学会,不用担心，你这次参加的就是小白课、老师就是用大白话讲课的，内容通俗易懂，来听一节课就知道了,1,,,
没信心,能听懂吗？,不用担心，你这次参加的就是小白课、老师就是用大白话讲课的，内容通俗易懂，来听一节课就知道了,1,,,
没信心,小学毕业能听吗？,不用担心，你这次参加的就是小白课、老师就是用大白话讲课的，内容通俗易懂，来听一节课就知道了,1,,,
没信心,老师我这零基础可以学吗？,不用担心，你这次参加的就是小白课、老师就是用大白话讲课的，内容通俗易懂，来听一节课就知道了,1,,,
没信心,这个好学吗,不用担心，你这次参加的就是小白课、老师就是用大白话讲课的，内容通俗易懂，来听一节课就知道了,1,,,
没信心,我60多岁了，能学会吗？,不用担心，你这次参加的就是小白课、老师就是用大白话讲课的，内容通俗易懂，来听一节课就知道了,1,,,
没信心,听课能学明白吗,不用担心，你这次参加的就是小白课、老师就是用大白话讲课的，内容通俗易懂，来听一节课就知道了,1,,,
没信心,我笨还是退了吧,不用担心，你这次参加的就是小白课、老师就是用大白话讲课的，内容通俗易懂，来听一节课就知道了,1,,,
没信心,怕我学不会啊,不用担心，你这次参加的就是小白课、老师就是用大白话讲课的，内容通俗易懂，来听一节课就知道了,1,,,
没信心,我看看能不能听懂,不用担心，你这次参加的就是小白课、老师就是用大白话讲课的，内容通俗易懂，来听一节课就知道了,1,,,
没信心,我是小学文化不知道能不能听懂,不用担心，你这次参加的就是小白课、老师就是用大白话讲课的，内容通俗易懂，来听一节课就知道了,1,,,
没信心,怎么才学的会,不用担心，你这次参加的就是小白课、老师就是用大白话讲课的，内容通俗易懂，来听一节课就知道了,1,,,
没信心,我是菜鸟，怕听不懂,不用担心，你这次参加的就是小白课、老师就是用大白话讲课的，内容通俗易懂，来听一节课就知道了,1,,,
没信心,感觉学不会,不用担心，你这次参加的就是小白课、老师就是用大白话讲课的，内容通俗易懂，来听一节课就知道了,1,,,
没信心,没信心可能难学啊,不用担心，你这次参加的就是小白课、老师就是用大白话讲课的，内容通俗易懂，来听一节课就知道了,1,,,
没信心,小学文化能学会吗？,不用担心，你这次参加的就是小白课、老师就是用大白话讲课的，内容通俗易懂，来听一节课就知道了,1,,,
没信心,我不懂电脑的,不用担心，你这次参加的就是小白课、老师就是用大白话讲课的，内容通俗易懂，来听一节课就知道了,1,,,
没信心,老师我叫梁孝娥今年快67岁了能学习吗,不用担心，你这次参加的就是小白课、老师就是用大白话讲课的，内容通俗易懂，来听一节课就知道了,1,,,
免费原因,为什么免费,启牛学堂始终坚持服务初心，肩负让财商知识走进全民的使命，针对不同财商基础的用户人群，提供不同深度的课程内容，现在开展理财和防骗免费9天普及活动,1,,,
免费原因,为什么不收费,启牛学堂始终坚持服务初心，肩负让财商知识走进全民的使命，针对不同财商基础的用户人群，提供不同深度的课程内容，现在开展理财和防骗免费9天普及活动,1,,,
免费原因,为什么免费寄书呢,启牛学堂始终坚持服务初心，肩负让财商知识走进全民的使命，针对不同财商基础的用户人群，提供不同深度的课程内容，现在开展理财和防骗免费9天普及活动,1,,,
免费原因,为啥免费,启牛学堂始终坚持服务初心，肩负让财商知识走进全民的使命，针对不同财商基础的用户人群，提供不同深度的课程内容，现在开展理财和防骗免费9天普及活动,1,,,
年龄大,我多大了你知道吗,您多少岁了？,0,,,
其他,萧老师，我想知道用1000元买什么理财产品？,1000元是个大门槛儿，可以买绝大多数的理财产品了。比如说国债逆回购。基金。主要看你要买理财是做什么，先好好学习，因为越到后面老师越会把重要的理财方式交给你，那个时候你再去合理运用这1000块钱，我觉得效果会更好,0,,,
其他,要是自己投的话最少得投多少？,这要看你做什么投资，比如基金1块钱也可以操作,0,,,
其他,尹老师，早晨怎么没有邀请函呢？,7点发你，那个就是个图片,0,,,
其他,余老师，我怎么看不见邀请函呢？,8点发你，那个就是个图片,0,,,
其他,学了这课有什么用？,帮你提升理财技能从而有机会获得理财收益呀同学,0,,,
其他,股票实操怎么获取,报名咱们实操课程，进入实操班，会有专业的股票实操老师来教咱们哈,0,,,
其他,两本单独书籍的定价是多少？,抱歉同学，咱们的两本书没有售卖，不存在定价多少，领取方式就是听课4天免费包邮到家的,0,,,
其他,人民币贬值吗,本来就是在贬值啊,0,,,
其他,那以后有不懂的，可以请教一下你吗？,不懂的随时可以问我的,0,,,
其他,那就是学习理财最少的话是投资多少啊？,不花钱，你学会方法后，你自己投不投，你自己决定,0,,,
其他,老师，你好！请问你参加这群组织，对我们会不会有什么影响，,不会的，放心吧,0,,,
其他,课程的内容是如何知道赚钱，只赚不亏的钱吗？,不会的哈，做任何事情都有风险的哈，咱们来学习的目的就是为了降低风险，提升收入，老师教的就是这个，就跟开车一样哈，我们永远赚不到认知以外的钱，所以要学习,0,,,
其他,没听课可以做题吗？,不可以的哈，要按时认真上课才行哈，安排好时间，不要落下。,0,,,
其他,直播能够返回听吗,不能，但是可以看回放,0,,,
其他,老师，可以在群里加几个好友吗,不能加哈保护自己,0,,,
其他,不会是让我炒股吧,不是的,0,,,
其他,是不是要我买黄金挣钱呢？,不是的,0,,,
其他,老师现在晚吗？,不晚抓紧学,0,,,
其他,老师，需要购买什么吗？,不需要，直接来上课就行,0,,,
其他,要下app吗？,不用，同学,0,,,
其他,那是软件要安装了，是吗？,不用安装软件,0,,,
其他,生活压力有点大，让我考虑一下吧,不用担心这么多哈，咱们的9天课程和福利是完全免费的，只是教您市面常见的理财技能以及理财的方法，您学会了是给自己增加一个技能，也有机会增加一些额外收入贴补生活呢,0,,,
其他,上课不用发言吧,不用的，老师讲课你听课就可以，接下来这9天我带你学，哪里不明白随时问我~,0,,,
其他,老师，加入飞书有什么作用？,不用登录飞书点开老师给你发的链接点进去就可以看,0,,,
其他,没有，就点了一个。刚才又有自称启牛学堂的打电话，又要入什么群，我把电话挂了。,不用管就可以了，是我们的客服人员，我是你的班主任老师，只需要加我一个人就可以了,0,,,
其他,要写字吗,不用哈，就拿个手机跟着听就行哈,0,,,
其他,你要提前告诉我下载什么，我这农村下载东西慢,不用下载什么，直接微信上课哈,0,,,
其他,打扰一下，我该先做什么准备。,不用准备什么，等我开课前15分钟发给你上课链接就好啦~,0,,,
其他,我不是给孩子报的九年级课吗？,成年人学习的理财课，不是孩子学习的,0,,,
其他,天下有免费的午餐吗,但是9天是免费的,0,,,
其他,学了能挣钱么？,启牛已经累计服务几千万学员，如果大家学了都没用的话，谁还来学呀,0,,,
其他,机器人吗,当然不是同学，老师是真人,0,,,
其他,我有一些养老金想看能不能用起来,先学习，掌握方法后在做规划,0,,,
其他,到时提醒下最好，不明白再请教可否？,当然可以的同学，有不懂得地方随时问老师,0,,,
其他,刚刚大学毕业的适合听课吗,当然了适合的,0,,,
其他,老师大学毕业适合听课吗,当然了适合的,0,,,
其他,如果有好处的话，那我就学习，不知道是真还是假,当然有好处，启牛已经累计服务几千万学员，如果大家学了都没用的话，谁还来学呀,0,,,
其他,这个真的可以赚钱吗,好好学习掌握理财技能，就有机会获得理财收益,0,,,
其他,怎么激活回放,到时候我给你发上课入口你进来待几分钟可以么？这样的话就能激活回放了,0,,,
其他,怎么加老师微信,等老师加你吧,0,,,
其他,怎样才能加你微信，我不会加？,等老师加你吧,0,,,
其他,国债逆回购哪天讲?,第二课,0,,,
其他,点那里我不知道，不会操作,点击直播间链接上课,0,,,
其他,那个啥，怎么能删除他,点他的头像,0,,,
其他,你们是专业做理财的吗？,对，我们是做理财知识学习的,0,,,
其他,谢谢老师，牛学堂是学理财的吗？,对的，同学,0,,,
其他,请问上课在群里上吗,对的哦您把学习群置顶，设置消息免打扰哈,0,,,
其他,就在手机上听课吧,对的手机上听课就可以,0,,,
其他,听九天免费课想了解一下怎么样理财,对的同学您这边可以准时上课吗？,0,,,
其他,你们是启牛的人员吗,对呀，同学，我是你本次理财课程的班主任，是启牛的老师，这边后面9天课程都是由我来负责你，有任何问题可以随时和我说哈,0,,,
其他,开课了我怎么进不去？？,多刷新几次哈,0,,,
其他,我怕我记不住时间,放心哈，老师会提醒你的,0,,,
其他,我怕不会操作呀,放心同学，课前15分钟我会提醒你的、到时候老师微信发你一个教室入口、你手机点一下就可以进入教室里、下课老师给咱们生成回放,0,,,
其他,老师很棒很优秀收获很多！！,感谢您的认可，老师帮您好好安排不辜负您的信任哈,0,,,
其他,我现在有钱，怎么做到钱生钱呢,跟着我好好学我们讲的就是这个,0,,,
其他,听了梁老师的课感觉很高兴，通过学习让我知道了货币基金，可转债基金，股票是什么。老师的讲解通俗易懂，谢谢老师,恭喜迈出理.财第一步，特别好给你点赞,0,,,
其他,怎么我的网络有问题，收不到。,估计是您家网络的事,0,,,
其他,老师股票实操怎么获取,股票实操是到后边了,0,,,
其他,你给我发的链接会不会有其它病毒之类的,关注启牛学堂公众号，如果担心链接安全问题，可以在公众号里听课哈,0,,,
其他,可以买上海的大房子吗,哈哈，你刚开始学习，先学习方法，掌握之后根据自己的情况在制定我们的理财目标,0,,,
其他,学了可以变有钱吗,哈哈，你刚开始学习，先学习方法，掌握之后根据自己的情况在制定我们的理财目标,0,,,
其他,进直播间怎么进,还是上课前我你发上课通道，点击上课通道就可以进入,0,,,
其他,老师，这这么晚了，早点睡吧,好,0,,,
其他,晚点，老师行吗？？,好,0,,,
其他,我挣钱了，更应该谢谢你！老师,好，加油，跟着我好好学,0,,,
其他,听可以！我不需要任何福利！亏本的生意不做！,好的，老师帮你安排好,0,,,
其他,微信一说话就退出了啊,好的，那就再进去就行啦，没事了,0,,,
其他,好的，先听一下学什么课程,好的，那老师帮你开通一下免费上课权限,0,,,
其他,我回头看一下，现在有点忙,好的，那你先忙吧，到时老师会提醒你上课的,0,,,
其他,可以，每天晚上八点,好的，一言为定哈~,0,,,
其他,因为时差，我7点45分签到8点20听课一会补吧,好的同学,0,,,
其他,嗯，老师好，我是一名教师。有的时候可能七点多钟还在给孩子上课，就说如果说方便的话，麻烦老师打我电话可以吗？,好嘞,0,,,
其他,准备好时间听课了,好嘞，书籍礼包已经给你预定好了，开课前我会提前发给你听课入口，点一下就可以进教室了哈,0,,,
其他,嗯，我只能听一小会儿,好嘞~没关系能听多少听多少,0,,,
其他,就一直听课，没别的？,及时听课学习啊，也没别的啊就是教您理财知识啊,0,,,
其他,晚上8点，太晚了，上了年纪早睡啊,几点睡呀,0,,,
其他,好的，我听听吧,加油,0,,,
其他,嗯嗯以后的九天就麻烦你了老师,加油，好好学哈，有不懂的随时问我,0,,,
其他,嗯以后的九天就麻烦你了老师,加油，好好学哈，有不懂的随时问我,0,,,
其他,我会一步步坚持机会好好把握好好学的老师,加油，早点学会理财的方法，早点受益,0,,,
其他,谢谢你老师我会努力学习的,加油，早点学会理财的方法，早点受益,0,,,
其他,哦，我不明白的是，听课赚钱是真的吗？还是模拟的点钞卷呀,教您的是方法和技能哈,0,,,
其他,就跟着老师理财吗,教您方法和技能哈,0,,,
其他,什么是国债逆回购怎么购买,接下来咱们的学习都会涉及到的，跟着老师好好学就行,0,,,
其他,我的作业怎么发不了,截图发呀,0,,,
其他,可是我本金取出来快一年了，他最近给我打电话，说又要做什么活动，要我去参加呢，你说我要不要去,就不去就可以了,0,,,
其他,为什么要在群里面发红包啊,就是为了提醒大家多多关注咱们得学习群呀，发发红包也是活跃一下学习氛围,0,,,
其他,我是小白啊，两手空空的什么也不懂,就是因为不懂才来学呀同学，你有啥不懂的就截个图下课来问我，老师一定知无不言,0,,,
其他,你每天一般要给多少个人打电话?,看班级有多少同学需要沟通,0,,,
其他,可以一边听一边洗澡吗,看你自己,0,,,
其他,签到9天如果9天都没有到直播间上课都看回放还能免费获得两本理财书吗？,可以的,0,,,
其他,能带着孩子上课吗,可以的，上课前我给你发上课通道，你点击就可以进入,0,,,
其他,可以的，但有时有事可以请假吗。,可以的，有事情提前跟我请假，进教室签到5-10分钟，老师给你单独申请回放补课,0,,,
其他,上课任何时间都可以吗？白天要上班下班后兼职跑个4个小时的外卖？,可以的，咱们课程有回放，什么时候有空什么时候学,0,,,
其他,可以六日听吗,可以的，咱们课程有回放，什么时候有空什么时候学,0,,,
其他,能不能白天学习呢？,可以的，咱们课程有回放，什么时候有空什么时候学,0,,,
其他,老师，这个可以录屏吗,不用录屏，我给咱们发回放就好了,0,,,
其他,你好，我可以不用教程书吗？,可以的呢，你只是想来听听课对吧同学,0,,,
其他,崔老师，我的作业截不了图，我年龄大了，你能帮帮我吗？,可以的同学，您用的什么牌子的手机呀，我教您,0,,,
其他,萧老师，我想知道用1000元买什么理财产品？,可以买很多呀，课上老师会教你很多工具，比如国债逆回购，货币基金，窄基，瑞兹等等，但是你现在先不懂不投，之后老师都会慢慢的教你,0,,,
其他,学了这课有什么用？,学习理财方法提升理财技能从而有机会增加一份额外收入,0,,,
其他,用做笔记吗,可以做笔记，这取决于您的个人情况~,0,,,
其他,敬爱的老师看起来您真是服务到家了,客气啦，开课前我再单独提醒你，接下来耐心等待开课就行了有什么问题随时问我~,0,,,
其他,有课表么？,课表是没有的，每天17点会有课程预告哈，每天晚上8点准时上课，记得按时来上课哈同学,0,,,
其他,不会全程就不离线的学习吧,课程就一个多小时同学,0,,,
其他,老师你好，我現在每晚七奌半在听课股票，请您每天把课件发耒我进行自学好吧！,课件是老师自己讲课用的，老师可以给你发每节课的回放哈,0,,,
其他,你们有课件吗？,课件是老师自己讲课用的，老师可以给你发每节课的回放哈,0,,,
其他,我做着理财那，十万一年给9千，做好几年了，你们家怎么做的？,我们是教理财知识的，不做理财啊,0,,,
其他,你这是国债逆回购吗？,老师会讲到哈~,0,,,
其他,请问老师，上课讲什么是教我们怎么赚钱，还是教怎么存钱，我什么都不懂,老师教你如何理财的,0,,,
其他,上课讲什么是教我们怎么赚钱，还是教怎么存钱，我什么都不懂,老师教你如何理财的,0,,,
其他,我下午2点半到5点半休息，因为我是一个厨师,了解所以说晚上正是工作忙的时候，老师理解，可以申请回放的,0,,,
其他,闲钱每个月四百左右可以赚多少？,理财方法不一样那收益也不一样哈,0,,,
其他,听这课有什么好处？,理财是人生的必修课，是每个人必须要学习的，学习理财，可以合理规划自己的财产，有机会让自己和家人生活的更好，有机会多一份收入，多一份保障。,0,,,
其他,学理财课的意义是什么？,理财是人生的必修课，是每个人必须要学习的，学习理财，可以合理规划自己的财产，有机会让自己和家人生活的更好，有机会多一份收入，多一份保障。,0,,,
其他,是不是通过你们教理财课个个都是富豪大老板,理财无法一夜暴富,0,,,
其他,听了课，没进实操班能领免费资料吗？,领取书籍和是否进实操班没有关系，连续听课4天，照样会安排邮寄的,0,,,
其他,能提前听吗,没办法提前听的,0,,,
其他,还是没听明白,没关系的同学，学习本来就是一个循序渐进的过程的，有不懂的您随时问我就可以，您在稍等我一下，今晚的回放我一会申请下来单独发您，您可以在吸收一下,0,,,
其他,我回家没有网络怎学习,没关系哈，咱们先用手机5G网学习一下，课程就这几天，坚持一下，掌握方法后有机会增加收入，改善生活质量,0,,,
其他,还是没听明白,没事，哪里不明白和老师说,0,,,
其他,老师好，我不在群里啊,没事，上课链接我单独发你,0,,,
其他,希望老师不要烦,没事的，有疑问可以问我哦~,0,,,
其他,点进去没有要填写的,没事同学不用填写啦，晚上准时上课就行哈,0,,,
其他,不懂可以随时提问吗,没问题的老师也会单独一对一指导你的哈,0,,,
其他,那你知道哪些小游戏赚钱的正版吗？教我下载,没有,0,,,
其他,张老师，没有红包吗,没有的，咱们福利是学习资料,0,,,
其他,在哪儿领红包,没有红包，这是来学习理财知识的,0,,,
其他,好的到时麻烦老师在通知我一次,没有问题的，好的，老师希望我们在接下来9天的学习过程当中能够和睦相处，老师提前预祝您收获更多的知识，有任何不懂的问题随时可以微信问我,0,,,
其他,怎么重复讲解了,没有重复讲解啊，咱们是会讲的细致一些,0,,,
其他,作业是什么，难不难,每天的作业就是几道选择题，不难的。,0,,,
其他,这赚不到钱有什么用？,老师教你的都是理财知识和方法啊，掌握了方法才有机会获得理财收益,0,,,
其他,我不想进，群里的都不认识，好人坏人都知道。,那没关系，咱们不进群就可以了，到时候老师把上课链接发你就好,0,,,
其他,老师好！我周年岁较大，多种慢性病缠身很痛苦啊,那您能学就学不能就不勉强学哈,0,,,
其他,就是我以前听了十节课一点都没听懂,那咱们这次再好好重听一次，有什么问题老师也会帮你的哈~,0,,,
其他,不知道能上多久，我8点20还有其他事情,能听多少听多少吧,0,,,
其他,之前听过巩固一下也无妨,嗯好的，那老师就给你开通上课权限了,0,,,
其他,我好像之前学过，没学到啥,嗯嗯，没关系，这次咱们跟着老师在认真学一下，不懂得你就单独问我，咱们这次争取学到一些真的本领,0,,,
其他,听课就有钱赚，我是不相信,你得学方法呀，老师教你怎么去提升收入，你不得学习呀，而且咱们是学习知识，不是说上课就给你发钱的,0,,,
其他,老师，奖励怎么下载不了,你点链接重新试试,0,,,
其他,这赚不到钱有什么用？,你没去实操，你怎么知道没用呢,0,,,
其他,请问您:A阿雅老师现在还在教课吗？,你说的是我们启牛学堂的老师吗,0,,,
其他,是听课有收入。还是从哪里赚？,我们课程教的是理财方法啊，学习之后你可以根据自己的情况进行理财,0,,,
其他,老师我听不懂讲的是什么,你先大概听着,0,,,
其他,学了能挣钱么？,你学会了，掌握了，当然有机会挣到钱呀,0,,,
其他,我报名的2980的课程，还没有毕业，你们服务就断了，我能继续学习吗？,你在哪报名的,0,,,
其他,这九天什么都没有,你这9天学习的理财基础知识啊，咱们9天是训练营啊,0,,,
其他,我都是学习第二次了，总不知道怎么挣钱，投了这个钱能拿回来吗,你之前啥时候学过呢,0,,,
其他,这个理财怎么弄,您跟着听课就学会了,0,,,
其他,请问老师是进去直接签一下就可以出来，还是必须要等上五分钟呢？最近我要出去听课，下来还有期中考试的监考，时间可能不会那么如我所愿,签到一下就可以出来的哈,0,,,
其他,这个真的可以赚钱吗,前两天教你的货币基金，国债逆回购就是可以赚钱的呀，但是前提一定是先要学习，先求知在求财，先要跟着老师好好学习掌握理财技能才能有机会赚到这个钱,0,,,
其他,这九天什么都没有,求知的道路没有尽头，您能说出这个话，说明这九天课你都完整听下来了，说明你已经入门了，越学习越知道自己的不足，所以接下来呢，只需要你跟着我们好好学，老师把重要的内容，适合你的内容完完全全的交给你，让咱们在理财这样道路上。走得更远。有机会赚的更多,0,,,
其他,群里太吵啦,群设置一下 免打扰,0,,,
其他,群里太多啦一天到晚不停的响，占用太多啦！,群设置一下 免打扰,0,,,
其他,我能不能拉另一个号进来,如果是你的另一个号，你可以直接点击链接上课~,0,,,
其他,这个怎么赚钱的,上课教您方法好好学习,0,,,
其他,没问题老师。怎么进去,上课前7：45我发你一个听课入口，点一下就可以进入了,0,,,
其他,难道是你给我钱，还是怎么得到钱？,是教你理财的方法,0,,,
其他,这个群干嘛的？,是学习群同学，您这边加一下您的专属班主任微信,0,,,
其他,讲股票吗？,是有的，同学,0,,,
其他,我卡了怎么办,刷新一下哈,0,,,
其他,只有知识才能改变命运,说的非常好！有问题随时和我说~,0,,,
其他,把理财课程发给我,私信班主任登记领取哦,0,,,
其他,不会操作,私信我就可以啦，老师都会教你的,0,,,
其他,不求一夜暴富，但求通过你们教过学生个个都能财富自由吧,通过学习有机会改变生活,0,,,
其他,一个月挣多少钱你这么努力,同学，本职工作而已哈。,0,,,
其他,能五一后参加吗,同学，最好这次参加哦,0,,,
其他,那有人说200至300元就可以理财，这个数要是怎么解释呢,同学，老师跟你说，理财和咱们的本金没什么关系的，几百块钱也是可以理财的，重要的是学会理财的技能哈，老师也会好好教您的,0,,,
其他,这是什么意思，在监管你们公司所有人员吗,同学，老师用的企业微信、这个是企业微信告诉你一下，他会保存咱俩的聊天记录,0,,,
其他,好的，你们不会是要拉我们投资吧，投资就真的没钱去投了哈！现在穷得叮当响,同学，没有人让咱们投资，咱们只是教方法、教技巧、咱们也不卖任何理财产品、这样讲你明白吗，老师只是讲课，你学、你听，学会了是你自己的本事、后面你用老师教的方法可以去做理财、你理不理财都是后面的话,0,,,
其他,老师，我的作业截不了图，我年龄大了，你能帮帮我吗？,同学，你按一下手机的电源键和音量减键，这两个按键同时的快速的按一下，然后就能完成截屏了。你看一下，如果说咱不会操作的话，老师再给你打个电话，我手把手的教你，你现在按照老师上面给你说的流程，咱们操作一下,0,,,
其他,不能跟别的课程冲突,同学，你还报名了什么课程呀,0,,,
其他,钱有这么好赚吗？,同学，你像支付宝、微信上面都会有，你可以去搜一下，都可以搜的到、不是说好赚吗，而是说你要先懂方法，不懂你肯定就赚不到钱、对不对而且小钱小理财、这几天的课程就是教你方法，你会了再去用,0,,,
其他,老师你好你的手机号码是多少呀,同学，你要老师电话号干嘛呀，咱俩现在这不是有微信吗，有问题随时微信问老师也可以的,0,,,
其他,公众号下方回复123，我找不到在哪里回复123,同学，您打开咱们的公众哈，最下方空白处输入123就可以.,0,,,
其他,怎么点不进去,同学，您轻轻的点一下我发您的链接就可以进去的，如果还是进不去，您截图发我，老师帮您看一下,0,,,
其他,老师我快50岁，记忆不好，又没收入，在家带娃，学这个有用吗？,同学，其实你问这个问题的时候就已经有答案了，学这个是一定有用的，因为学习理财，有机会让咱们获得非体力、非脑力的额外收入。这个具体的内容呢，咱们上我们的课程，老师在课程中就会教你,0,,,
其他,您说的听不清楚，什么时候邮寄书，我想听课时用,同学，书本是用于后续复习的，不是让你上课用的。,0,,,
其他,你们自己内部的人理财年化能有多少？,同学，我们班主任们的年化收益率也不一样呀，就跟咱班级里同学一样，有学的好的有学的一般的,0,,,
其他,咋晚群里有人说你们是骗子说本来是免费的后来要收两千九百多决不交还挖苦讽刺学员这是怎么回事,同学，有人恶意诋毁公司是很正常的事哈,0,,,
其他,这个真的可以赚钱吗,同学，咱们来学习就是来提升咱们的理财技能的，可以在这些理财技能中找到一个适合自己的哈,0,,,
其他,不知道有什么好处，我经常听的养生课,同学，咱们理财课都是来源于生活常识的，先教你怎么每月省下来大几百的支出，在教你通过简单的理财工具每月有机会获得理财收益，都是适合小白学习的内容，老师大白话讲解，通俗易懂,0,,,
其他,你们这个职位的月薪能给多少？,同学，咱是来学习的，老师的月薪公司要求也是保密的，你就好好跟着老师学习理财知识，提升自己的理财技能,0,,,
其他,让我知道您的理财到底赚了多少,同学，咱是来学习的，老师的月薪公司要求也是保密的，你就好好跟着老师学习理财知识，提升自己的理财技能,0,,,
其他,我看看你的收益怎样,同学，咱是来学习的，老师的月薪公司要求也是保密的，你就好好跟着老师学习理财知识，提升自己的理财技能,0,,,
其他,这个用考试不？,同学，这个是没有考试的,0,,,
其他,作业可以重做吗？,同学，作业只能做一次哈，下节课还会有作业的，这次作业中如果遇到不懂不会的您随时问我就可以哈，我是您的专属老师，就是来帮助您解决学习中遇到的问题的,0,,,
其他,我是月光族他说的那些都是要本钱投资的,同学老师非常理解你的情况，我们也带过月光族的同学，月光的根本原因就是赚钱不够多嘛？ 所以越是负债越要认真学习，一点点增加自己的收入咱们才能从月光变得小有积蓄呀,0,,,
其他,怎样一天挣七千,同学理财不是让你一夜暴富,0,,,
其他,老师，理财是给有钱人学吗,同学理财不是有钱人的专属啊，越是没钱，咱们更应该理财。因为咱们的工资收入已经不能满足咱咱们的日常支出了或者说咱们想多一份收入机会，所以咱们需要学习怎么去争取这份被动的收入，小财小理，大财大理，慢慢积累。,0,,,
其他,红包,同学没有红包的啊,0,,,
其他,上个微课，怎么这么麻烦呀,同学你别着急，其实咱们上课是非常方便的，老师7点45会给你发一个蓝色的上课链接你点一下就可以进教室上课了，就跟咱们看抖音直播一样简单，耐心等待老师给你发上课入口就行，有什么不懂的随时问我,0,,,
其他,谁能保证稳赚不赔,同学你担心风险是对的说明这几天的课程内容你听进去了，但其实也有风险较低的理财工具，比如支付宝里面的货币基金和咱们前几天学习的国债，国债逆回购，当然这几个工具的收益相对会低一点，但及时是风险相对高一点的基金和股票也是有分散风险的方法的，这就是咱们需要去学习的内容，不学习不懂肯定容易亏钱很难赚钱,0,,,
其他,能不能提前教一下,同学你就跟着课程进度走就可以了，咱们记得置顶我的微信和咱们的学习群，不要错过重要消息哈~老师会再提醒你的~早点休息,0,,,
其他,不行能下期吗,同学你这期怎么参加不了呢,0,,,
其他,月光族是用什么挣钱呀,同学先学习方法学会了就知道怎么挣了哈先学习,0,,,
其他,老师，理财是给有钱人学吗,同学越是没钱越需要理财呢,0,,,
其他,如果可以，谁还上大学，我一月一万多块钱还不如不上班,同学咱们会教您一些市面常见的理财技能以及理财的方法，您学会了是给自己增加一个技能,0,,,
其他,丁宣老师，晚上好，我想学带货8:00直播是吗？我准时参加。,同学咱们这边不是学带货的，咱们是学理财的同学,0,,,
其他,我不听了，什么金融啊，又是股票乱七八糟的不要再给打电话发信息了,同学这个是学习理财方法的,0,,,
其他,同学之间应该能加,同学之前不要随意加，只加老师就可以,0,,,
其他,多少钱可以理,同学只要会方法了咱们最低10元就可以理财了，这些咱们老师在课上都会讲到的的,0,,,
其他,每月几千块。要多少钱就理财,同学只要会方法了咱们最低10元就可以理财了，这些咱们老师在课上都会讲到的的,0,,,
其他,我想问问理财最少多钱？,同学只要会方法了咱们最低10元就可以理财了，这些咱们老师在课上都会讲到的的,0,,,
其他,老师晚安,晚安,0,,,
其他,在北京什么地方,来广营,0,,,
其他,老师咱们得投资软件是什么啊？,微信，支付宝都可以操作的,0,,,
其他,可是我没有报名啊,我建议您可以感受一下，课程也是免费的，相信您感受完也不会让您失望！,0,,,
其他,学习群？教我怎么加？,我拉你进群哈,0,,,
其他,上课到最后转钱卖什么股票理财,我们不荐股荐基，也没有任何理财产品哈，这个是学习理财课程的，主要教大家生活中的理财技能，以及每天都会教你一种经济防骗知识点，多学习充实自己，小白课程九天免费课程，你可以放心听学习，不懂的可以随时问老师就行,0,,,
其他,是买理财吗？,我们不荐股荐基，也没有任何理财产品哈，这个是学习理财课程的，主要教大家生活中的理财技能，以及每天都会教你一种经济防骗知识点，多学习充实自己，小白课程九天免费课程，你可以放心听学习，不懂的可以随时问老师就行,0,,,
其他,学炒谷吗？感觉像炒股,我们不教你炒股啊同学，因为本身你也第一次接触，所以说上来你肯定也不可能炒股对吧,0,,,
其他,加入启牛学堂能挣钱吗,我们教您的就是理财的知识，好好学是有机会给自己赚额外收入的,0,,,
其他,学了这课有什么用？,我们学会了理财方法，就有机会按照这些方法去赚个零花钱呀，这9天的课程就教你这项技能~,0,,,
其他,还是听你讲课吗？,我们有专业的老师给大家上课,0,,,
其他,只想先看看资料，可以吗？,下课后会发，每天资料都不一样的,0,,,
其他,该怎么存钱教教我？,先上课吧同学,0,,,
其他,我一个月两三万，你教我怎么存钱一年,先上课吧同学,0,,,
其他,9天能挣多少钱,先学习,0,,,
其他,这个链接打不开老师，怎么办。,显示什么，你和我说一下,0,,,
其他,能够命运改变嘛,学会了是有机会增加收入的哈，好好跟着学,0,,,
其他,主要能够赚钱嘛,学会了是有机会增加收入的哈，好好跟着学,0,,,
其他,主要学什么，学了有什么好处,学习理财技能有机会增加咱们额外收入的,0,,,
其他,还做笔记,学习效果更好是自愿的哈,0,,,
其他,能给我拍个视频吗？,一会进一下课堂签个到，后面我发回放给你,0,,,
其他,老师直播特别卡怎么回事呀,因为听课人比较多，所以可能有点卡,0,,,
其他,我问听了课去那里赚钱吗,因为咱们还没有上课呀，老师课上会教你理财的方法，咱们好好跟着老师学习,0,,,
其他,看电影可以投屏不知道直播怎么弄,应该没办法单独投屏，只能把手机屏幕一起投屏,0,,,
其他,老师我问一下有比我小的进群吗,有,0,,,
其他,学习结束给发毕业证书吗,有的,0,,,
其他,学到有什么好处,提高你的财商素养，增加对理财的认知，教你如何识别日常骗局，还有各种理财工具有机会赚点零花钱,0,,,
其他,在吗？,在的，同学,0,,,
其他,经常回老家没有网络不能正常上课,咱回老家没有4g网吗，4g网也可以上课啊,0,,,
其他,能挣钱吗？,咱们报名的是9天的免费课程，寄过去的礼包也是免费的。你一定要安排好时间好好听课，这是有机会增加您的额外收入的，上课前我会给您发一个上课入口，直接点进去可以上课啦,0,,,
其他,老师学完之后能干啥啊,咱们本次9天的课程会教咱们2方面的知识，第一就是防骗知识，提高咱们的防骗能力，最重要的是第二，会教咱们理财知识，给您举个例子，咱们平时都有去银行存钱吧，这个就是在理财，只是收益比较低而已，那这9天的课程会教咱们提升收益的方法，课程含金量非常高，你一定要好好学习哈。,0,,,
其他,我从哪里下载这个软件。,咱们不用下载,0,,,
其他,能先给点资料我预习一下吗？,咱们开课当天会有课程预告哈，咱们耐心等待就好，有问题及时问老师,0,,,
其他,如果不能够上5天，有事吗？,咱们可以看回放，回放补上的话也是会有的,0,,,
其他,学了能挣钱么？,咱们课程就是教您如何有助于您提升收入的方法的哈，您接下来一定要好好学噢,0,,,
其他,八点没起床怎么办？,咱们是晚上8点，不是早上八点,0,,,
其他,你在什么地方？,咱们是在北京的,0,,,
其他,老师，学看广告的课堂在哪里,咱们晚上先进直播间听课哈，把理财学习好，有机会改善生活，看广告的这个可能都是骗人的，咱们不要相信天上掉馅饼,0,,,
其他,一个小时课预计要用多少流量？,这个没有多少的哈，不用担心，课程一共只有九天，坚持一下，很多同学也都是这么学习，好好学，以后有机会多一份收入，改善生活质量的哈,0,,,
其他,哎，我想问一下，这不是给小孩子上课的吗？为什么是教我们大人学理财的呀,这是大人的课程哈,0,,,
其他,那个群可以谈恋爱吗,这是学习的,0,,,
其他,你好我用19863789506这个号听课吧,只能用现在这个微信上课哈，其他微信进不了直播间哈,0,,,
其他,是在群里置顶就占了吗？,置顶，然后免打扰，这样你能看到群消息，手机也不会一直响不是,0,,,
其他,领的福利怎么打不开,重新点击试下哈,0,,,
其他,这赚不到钱有什么用？,但咱们这样的内容就是为了让你有机会获得更多收益的理财方法，咱们教的就是这个。所以你只要放心跟他好好学。,0,,,
签到,老师怎么签到,到时候老师会给您发上课链接，您点进去签到,0,,,
签到,怎么签到,到时候老师会给您发上课链接，您点进去签到,0,,,
签到,老师怎么签到？,老师会给您发上课链接，您点进去签到,0,,,
签到,所以说怎么打卡,老师会给您发上课链接，您点进去签到,0,,,
签到,老师好，请问如何进群签到啊,老师教您哈，您还记得你加我微信的班级群吗，找到班级群输入：签到两个字就可以了，上课前群里也会给您发上课链接的,0,,,
签到,在哪里签到,咱们上课前我会提前10分钟给你发一条上课的链接咱们轻轻点击一下链接就能进教室听课或者签到了~,0,,,
签到,老师好，请问如何进群签到啊,直接发签到2个字就可以啦,0,,,
上课安排,老师听完9节课就怎么说,9节上完解散了哈,0,,,
上课安排,共上几节课,连续9天每天一节课都是1个多小时,1,,,
上课安排,是不是隔两天上一次课,连续9天每天一节课都是1个多小时,1,,,
上课安排,要上一个星期吗？,连续9天每天一节课都是1个多小时,1,,,
上课安排,这九节课是连续的每天晚上吗,连续9天每天一节课都是1个多小时,1,,,
上课安排,每天吗,连续9天每天一节课都是1个多小时,1,,,
上课安排,上几天阿,连续9天每天一节课都是1个多小时,1,,,
上课安排,有股票课吗？,有的同学,0,,,
上课安排,请问老师一天有几个播段呀,咱们一天就一节课哈，晚上8点,0,,,
上课方式,直播间签到是要下载什么直播app吗？,不需要的，在微信上课的,0,,,
上课方式,是不是还要下载腾讯会议？,不用的哈,0,,,
上课方式,是在手机里面上课吗,对的同学，课前老师会给您微信发上课链接，点一下就可以进直播间上课了,0,,,
上课方式,语音开课吗,就跟抖音快手直播一样，到时候老师会发给咱们一个上课链接，咱们点一下就能去听课了,0,,,
上课方式,是直播形式？,同学，咱们连续9天都是线上课程哈,1,,,
上课方式,苏老师您好！什么方式学习？,同学，咱们连续9天都是线上课程哈,1,,,
上课方式,是直播吗？,同学，咱们连续9天都是线上课程哈,1,,,
上课方式,以直播形式嘛,同学，咱们连续9天都是线上课程哈,1,,,
上课方式,线上课？,同学，咱们连续9天都是线上课程哈,1,,,
上课方式,老师是在哪里上呢,同学，咱们连续9天都是线上课程哈,1,,,
上课方式,你好老师是在哪听课,同学，咱们连续9天都是线上课程哈,1,,,
上课方式,去哪里上课,同学，咱们连续9天都是线上课程哈,1,,,
上课方式,是网课还是线下课呀,同学，咱们连续9天都是线上课程哈,1,,,
上课方式,不行。可以看文字课吗？,同学，咱们连续9天都是线上课程哈,1,,,
上课方式,请问在哪里听课？,同学，咱们连续9天都是线上课程哈,1,,,
上课方式,上课形式是直播还是什么？我的意思是如果临时有事不能及时听课怎么办？,同学，咱们连续9天都是线上课程哈,1,,,
上课方式,是线下还是线上,同学，咱们连续9天都是线上课程哈,1,,,
上课方式,是在手机上面学习，还是现场学习,同学，咱们连续9天都是线上课程哈,1,,,
上课方式,是怎么听课的？,同学，咱们连续9天都是线上课程哈,1,,,
上课方式,问一下？是不是在那个群里打开来听就可以了？,同学，咱们连续9天都是线上课程哈,1,,,
上课方式,要到现场去吗？,同学，咱们连续9天都是线上课程哈,1,,,
上课方式,在哪里开课？,同学，咱们连续9天都是线上课程哈,1,,,
上课方式,在哪里听直播,同学，咱们连续9天都是线上课程哈,1,,,
上课方式,在手机上听吗,同学，咱们连续9天都是线上课程哈,1,,,
上课方式,老师在哪上课？,同学，咱们连续9天都是线上课程哈,1,,,
上课方式,线上吗,同学，咱们连续9天都是线上课程哈,1,,,
上课方式,是线上课程还是线下的？,同学，咱们连续9天都是线上课程哈,1,,,
上课方式,在群上课吗,咱们是用手机上课，开课当天我会把上课链接发给你，微信点链接就能上课学习了,1,,,
上课方式,直插间就是微信群吗？,咱们是用手机上课，开课当天我会把上课链接发给你，微信点链接就能上课学习了,1,,,
上课方式,这个课怎么上？是在微信群里吗？,咱们是用手机上课，开课当天我会把上课链接发给你，微信点链接就能上课学习了,1,,,
上课方式,在群里上课吗？,咱们是用手机上课，开课当天我会把上课链接发给你，微信点链接就能上课学习了,1,,,
上课方式,在群里听吗,咱们是用手机上课，开课当天我会把上课链接发给你，微信点链接就能上课学习了,1,,,
上课方式,在群里听课吗？,咱们是用手机上课，开课当天我会把上课链接发给你，微信点链接就能上课学习了,1,,,
上课方式,在哪里上课呢？微信吗,咱们是用手机上课，开课当天我会把上课链接发给你，微信点链接就能上课学习了,1,,,
上课方式,在群里上课吗,咱们是用手机上课，开课当天我会把上课链接发给你，微信点链接就能上课学习了,1,,,
上课方式,是在群里听课吗,咱们是用手机上课，开课当天我会把上课链接发给你，微信点链接就能上课学习了,1,,,
上课方式,那怎么学呀？，在群里面学吗？,咱们是用手机上课，开课当天我会把上课链接发给你，微信点链接就能上课学习了,1,,,
上课方式,群里吗,咱们是用手机上课，开课当天我会把上课链接发给你，微信点链接就能上课学习了,1,,,
上课方式,用腾讯会议上课么？,咱们是用手机上课，开课当天我会把上课链接发给你，微信点链接就能上课学习了,1,,,
上课方式,是在群里上课嘛,咱们是用手机上课，开课当天我会把上课链接发给你，微信点链接就能上课学习了,1,,,
上课方式,我从哪里能进去呀？,咱们是用手机上课，开课当天我会把上课链接发给你，微信点链接就能上课学习了,1,,,
上课方式,我怎么进直播呀？,咱们是用手机上课，开课当天我会把上课链接发给你，微信点链接就能上课学习了,1,,,
上课方式,直播课在哪里进去？,咱们是用手机上课，开课当天我会把上课链接发给你，微信点链接就能上课学习了,1,,,
上课方式,怎么参加学习，请告诉我,咱们是用手机上课，开课当天我会把上课链接发给你，微信点链接就能上课学习了,1,,,
上课方式,你这个上课在哪里听到啊？,咱们是用手机上课，开课当天我会把上课链接发给你，微信点链接就能上课学习了,1,,,
上课方式,听课还要通过链接去别处看么,咱们是用手机上课，开课当天我会把上课链接发给你，微信点链接就能上课学习了,1,,,
上课方式,怎么进去听课,咱们是用手机上课，开课当天我会把上课链接发给你，微信点链接就能上课学习了,1,,,
上课方式,怎么上？,咱们是用手机上课，开课当天我会把上课链接发给你，微信点链接就能上课学习了,1,,,
上课方式,怎么听课呢,咱们是用手机上课，开课当天我会把上课链接发给你，微信点链接就能上课学习了,1,,,
上课方式,老师直播课在哪里上,咱们是用手机上课，开课当天我会把上课链接发给你，微信点链接就能上课学习了,1,,,
上课方式,在哪上课啊？,咱们是用手机上课，开课当天我会把上课链接发给你，微信点链接就能上课学习了,1,,,
上课方式,手机怎么看你讲课,咱们是用手机上课，开课当天我会把上课链接发给你，微信点链接就能上课学习了,1,,,
上课方式,怎样看电频呢,咱们是用手机上课，开课当天我会把上课链接发给你，微信点链接就能上课学习了,1,,,
上课方式,怎么学习,咱们是用手机上课，开课当天我会把上课链接发给你，微信点链接就能上课学习了,1,,,
上课方式,去哪里上课的？,咱们是用手机上课，开课当天我会把上课链接发给你，微信点链接就能上课学习了,1,,,
上课方式,怎样进直播间？,咱们是用手机上课，开课当天我会把上课链接发给你，微信点链接就能上课学习了,1,,,
上课方式,在哪里上课啊？,咱们是用手机上课，开课当天我会把上课链接发给你，微信点链接就能上课学习了,1,,,
上课方式,怎么去上课,咱们是用手机上课，开课当天我会把上课链接发给你，微信点链接就能上课学习了,1,,,
上课方式,怎么进去上课？,咱们是用手机上课，开课当天我会把上课链接发给你，微信点链接就能上课学习了,1,,,
上课方式,咱们是怎么上课的？,咱们是用手机上课，开课当天我会把上课链接发给你，微信点链接就能上课学习了,1,,,
上课方式,怎么签到？怎么进入直播间？,咱们是用手机上课，开课当天我会把上课链接发给你，微信点链接就能上课学习了,1,,,
上课方式,怎么上课，视频听课吗,咱们是用手机上课，开课当天我会把上课链接发给你，微信点链接就能上课学习了,1,,,
上课方式,怎样进入课堂,咱们是用手机上课，开课当天我会把上课链接发给你，微信点链接就能上课学习了,1,,,
上课方式,老师怎么上课呀?,咱们是用手机上课，开课当天我会把上课链接发给你，微信点链接就能上课学习了,1,,,
上课方式,在哪里直播,咱们是用手机上课，开课当天我会把上课链接发给你，微信点链接就能上课学习了,1,,,
上课方式,怎麼点,咱们是用手机上课，开课当天我会把上课链接发给你，微信点链接就能上课学习了,1,,,
上课方式,在哪看直播呢老师,咱们是用手机上课，开课当天我会把上课链接发给你，微信点链接就能上课学习了,1,,,
上课方式,在微信群里说吗？,咱们是用手机上课，开课当天我会把上课链接发给你，微信点链接就能上课学习了,1,,,
上课方式,我在咱群里听课？还是在这微信里？,咱们是用手机上课，开课当天我会把上课链接发给你，微信点链接就能上课学习了,1,,,
上课方式,老师我如何上课,咱们是用手机上课，开课当天我会把上课链接发给你，微信点链接就能上课学习了,1,,,
上课方式,怎么听课,咱们是用手机上课，开课当天我会把上课链接发给你，微信点链接就能上课学习了,1,,,
上课方式,在哪上课,咱们是用手机上课，开课当天我会把上课链接发给你，微信点链接就能上课学习了,1,,,
上课方式,怎么学习？,咱们是用手机上课，开课当天我会把上课链接发给你，微信点链接就能上课学习了,1,,,
上课方式,上课在手机上面还是|在电视,咱们是用手机上课，开课当天我会把上课链接发给你，微信点链接就能上课学习了,1,,,
上课方式,老师，这是要怎么学呀？,咱们是用手机上课，开课当天我会把上课链接发给你，微信点链接就能上课学习了,1,,,
上课方式,上课是在哪里上,咱们是用手机上课，开课当天我会把上课链接发给你，微信点链接就能上课学习了,1,,,
上课方式,在腾讯会议听课吗,咱们是用手机上课，开课当天我会把上课链接发给你，微信点链接就能上课学习了,1,,,
上课方式,到时咋上课,咱们是用手机上课，开课当天我会把上课链接发给你，微信点链接就能上课学习了,1,,,
上课方式,是在哪里上课？,咱们是用手机上课，开课当天我会把上课链接发给你，微信点链接就能上课学习了,1,,,
上课方式,老师，你讲课在群里讲、还是单独讲呢？,咱们是用手机上课，开课当天我会把上课链接发给你，微信点链接就能上课学习了,1,,,
上课方式,你刚才说的是你发的这图片然后识别一下就可进真播了吗,咱们是用手机上课，开课当天我会把上课链接发给你，微信点链接就能上课学习了,1,,,
上课方式,我要怎么上？,咱们是用手机上课，开课当天我会把上课链接发给你，微信点链接就能上课学习了,1,,,
上课方式,在哪里开课啊,咱们是用手机上课，开课当天我会把上课链接发给你，微信点链接就能上课学习了,1,,,
上课方式,在哪里学习呀,咱们是用手机上课，开课当天我会把上课链接发给你，微信点链接就能上课学习了,1,,,
上课方式,这个怎么学习啊？,咱们是用手机上课，开课当天我会把上课链接发给你，微信点链接就能上课学习了,1,,,
上课方式,这怎么学习呢？,咱们是用手机上课，开课当天我会把上课链接发给你，微信点链接就能上课学习了,1,,,
上课方式,在哪里讲课的,咱们是用手机上课，开课当天我会把上课链接发给你，微信点链接就能上课学习了,1,,,
上课方式,视频上课吗？,咱们是用手机上课，开课当天我会把上课链接发给你，微信点链接就能上课学习了,1,,,
上课方式,直播课还是录播课,咱们是用手机上课，开课当天我会把上课链接发给你，微信点链接就能上课学习了,1,,,
上课方式,还在抖音上吗,这9天课是在微信上就可以看的课程,0,,,
上课方式,那个是个直播视频还是暂时直播那种？,课程不能暂停，回放可以暂停的哈,0,,,
上课内容,学习新概念，学习新思维，心理格局创造未来吗,不是的哈，就是教咱们老百姓常用的一些理财的知识，帮咱们有机会去赚个额外收入的,0,,,
上课内容,能详细点吗？,详细点的就需要您按时听课了同学,0,,,
上课内容,每节课都讲什么？,咱们的课程由浅入深，一天给你讲一个理财知识，课程会讲到基金、股票、国债、国债逆回购，reits等，咱们耐心等待开课哈，学会了有机会让你的生活越来越好,0,,,
上课内容,主要是搞基金吗？,咱们的课程由浅入深，一天给你讲一个理财知识，课程会讲到基金、股票、国债、国债逆回购，reits等，咱们耐心等待开课哈，学会了有机会让你的生活越来越好,0,,,
上课内容,讲什么呀,咱们是9天的免费理财课，给同学们专门去普及理财方法与防骗知识的~，你学会掌握了理财知识和方法以后，有机会让咱们每个月有个千八百甚至上千元的额外收益的哈，你听一节课就知道了同学,1,,,
上课内容,这是干啥的呀/这是干嘛的,咱们是9天的免费理财课，给同学们专门去普及理财方法与防骗知识的~，你学会掌握了理财知识和方法以后，有机会让咱们每个月有个千八百甚至上千元的额外收益的哈，你听一节课就知道了同学,1,,,
上课内容,上什么课,咱们是9天的免费理财课，给同学们专门去普及理财方法与防骗知识的~，你学会掌握了理财知识和方法以后，有机会让咱们每个月有个千八百甚至上千元的额外收益的哈，你听一节课就知道了同学,1,,,
上课内容,我还不明白听课是干嘛的？,咱们是9天的免费理财课，给同学们专门去普及理财方法与防骗知识的~，你学会掌握了理财知识和方法以后，有机会让咱们每个月有个千八百甚至上千元的额外收益的哈，你听一节课就知道了同学,1,,,
上课内容,我不知道讲什么课,咱们是9天的免费理财课，给同学们专门去普及理财方法与防骗知识的~，你学会掌握了理财知识和方法以后，有机会让咱们每个月有个千八百甚至上千元的额外收益的哈，你听一节课就知道了同学,1,,,
上课内容,都是要学什么内容？,咱们是9天的免费理财课，给同学们专门去普及理财方法与防骗知识的~，你学会掌握了理财知识和方法以后，有机会让咱们每个月有个千八百甚至上千元的额外收益的哈，你听一节课就知道了同学,1,,,
上课内容,在你们这群里能学到什么呀？,咱们是9天的免费理财课，给同学们专门去普及理财方法与防骗知识的~，你学会掌握了理财知识和方法以后，有机会让咱们每个月有个千八百甚至上千元的额外收益的哈，你听一节课就知道了同学,1,,,
上课内容,每节课都讲什么？,咱们是9天的免费理财课，给同学们专门去普及理财方法与防骗知识的~，你学会掌握了理财知识和方法以后，有机会让咱们每个月有个千八百甚至上千元的额外收益的哈，你听一节课就知道了同学,1,,,
上课内容,学的什么课？,咱们是9天的免费理财课，给同学们专门去普及理财方法与防骗知识的~，你学会掌握了理财知识和方法以后，有机会让咱们每个月有个千八百甚至上千元的额外收益的哈，你听一节课就知道了同学,1,,,
上课内容,这是做什么的,咱们是9天的免费理财课，给同学们专门去普及理财方法与防骗知识的~，你学会掌握了理财知识和方法以后，有机会让咱们每个月有个千八百甚至上千元的额外收益的哈，你听一节课就知道了同学,1,,,
上课内容,这是属于哪方面的课程,咱们是9天的免费理财课，给同学们专门去普及理财方法与防骗知识的~，你学会掌握了理财知识和方法以后，有机会让咱们每个月有个千八百甚至上千元的额外收益的哈，你听一节课就知道了同学,1,,,
上课内容,这个是什么,咱们是9天的免费理财课，给同学们专门去普及理财方法与防骗知识的~，你学会掌握了理财知识和方法以后，有机会让咱们每个月有个千八百甚至上千元的额外收益的哈，你听一节课就知道了同学,1,,,
上课内容,学了这课有什么用？,咱们是9天的免费理财课，给同学们专门去普及理财方法与防骗知识的~，你学会掌握了理财知识和方法以后，有机会让咱们每个月有个千八百甚至上千元的额外收益的哈，你听一节课就知道了同学,1,,,
上课内容,讲什么,咱们是9天的免费理财课，给同学们专门去普及理财方法与防骗知识的~，你学会掌握了理财知识和方法以后，有机会让咱们每个月有个千八百甚至上千元的额外收益的哈，你听一节课就知道了同学,1,,,
上课内容,讲什么内容,咱们是9天的免费理财课，给同学们专门去普及理财方法与防骗知识的~，你学会掌握了理财知识和方法以后，有机会让咱们每个月有个千八百甚至上千元的额外收益的哈，你听一节课就知道了同学,1,,,
上课内容,听的是什么课？,咱们是9天的免费理财课，给同学们专门去普及理财方法与防骗知识的~，你学会掌握了理财知识和方法以后，有机会让咱们每个月有个千八百甚至上千元的额外收益的哈，你听一节课就知道了同学,1,,,
上课内容,这个群是干啥的老师,咱们是9天的免费理财课，给同学们专门去普及理财方法与防骗知识的~，你学会掌握了理财知识和方法以后，有机会让咱们每个月有个千八百甚至上千元的额外收益的哈，你听一节课就知道了同学,1,,,
上课内容,什么学呀,咱们是9天的免费理财课，给同学们专门去普及理财方法与防骗知识的~，你学会掌握了理财知识和方法以后，有机会让咱们每个月有个千八百甚至上千元的额外收益的哈，你听一节课就知道了同学,1,,,
上课内容,学习什么的,咱们是9天的免费理财课，给同学们专门去普及理财方法与防骗知识的~，你学会掌握了理财知识和方法以后，有机会让咱们每个月有个千八百甚至上千元的额外收益的哈，你听一节课就知道了同学,1,,,
上课内容,学啥课呀？,咱们是9天的免费理财课，给同学们专门去普及理财方法与防骗知识的~，你学会掌握了理财知识和方法以后，有机会让咱们每个月有个千八百甚至上千元的额外收益的哈，你听一节课就知道了同学,1,,,
上课内容,你这个学什么的,咱们是9天的免费理财课，给同学们专门去普及理财方法与防骗知识的~，你学会掌握了理财知识和方法以后，有机会让咱们每个月有个千八百甚至上千元的额外收益的哈，你听一节课就知道了同学,1,,,
上课内容,什么课？,咱们是9天的免费理财课，给同学们专门去普及理财方法与防骗知识的~，你学会掌握了理财知识和方法以后，有机会让咱们每个月有个千八百甚至上千元的额外收益的哈，你听一节课就知道了同学,1,,,
上课内容,这是学什么的,咱们是9天的免费理财课，给同学们专门去普及理财方法与防骗知识的~，你学会掌握了理财知识和方法以后，有机会让咱们每个月有个千八百甚至上千元的额外收益的哈，你听一节课就知道了同学,1,,,
上课内容,你们就是教理财吗,咱们是9天的免费理财课，给同学们专门去普及理财方法与防骗知识的~，你学会掌握了理财知识和方法以后，有机会让咱们每个月有个千八百甚至上千元的额外收益的哈，你听一节课就知道了同学,1,,,
上课内容,这是什么直播？,咱们是9天的免费理财课，给同学们专门去普及理财方法与防骗知识的~，你学会掌握了理财知识和方法以后，有机会让咱们每个月有个千八百甚至上千元的额外收益的哈，你听一节课就知道了同学,1,,,
上课内容,理财做什么理财？,咱们是9天的免费理财课，给同学们专门去普及理财方法与防骗知识的~，你学会掌握了理财知识和方法以后，有机会让咱们每个月有个千八百甚至上千元的额外收益的哈，你听一节课就知道了同学,1,,,
上课内容,这个是干嘛的？,咱们是9天的免费理财课，给同学们专门去普及理财方法与防骗知识的~，你学会掌握了理财知识和方法以后，有机会让咱们每个月有个千八百甚至上千元的额外收益的哈，你听一节课就知道了同学,1,,,
上课内容,你们是干什么的,咱们是9天的免费理财课，给同学们专门去普及理财方法与防骗知识的~，你学会掌握了理财知识和方法以后，有机会让咱们每个月有个千八百甚至上千元的额外收益的哈，你听一节课就知道了同学,1,,,
上课内容,这什么课啊,咱们是9天的免费理财课，给同学们专门去普及理财方法与防骗知识的~，你学会掌握了理财知识和方法以后，有机会让咱们每个月有个千八百甚至上千元的额外收益的哈，你听一节课就知道了同学,1,,,
上课内容,这什么课啊，抖音推广吗,咱们是9天的免费理财课，给同学们专门去普及理财方法与防骗知识的~，你学会掌握了理财知识和方法以后，有机会让咱们每个月有个千八百甚至上千元的额外收益的哈，你听一节课就知道了同学,1,,,
上课内容,老师，你们的是什么课,咱们是9天的免费理财课，给同学们专门去普及理财方法与防骗知识的~，你学会掌握了理财知识和方法以后，有机会让咱们每个月有个千八百甚至上千元的额外收益的哈，你听一节课就知道了同学,1,,,
上课内容,这个有什么用啊,咱们是9天的免费理财课，给同学们专门去普及理财方法与防骗知识的~，你学会掌握了理财知识和方法以后，有机会让咱们每个月有个千八百甚至上千元的额外收益的哈，你听一节课就知道了同学,1,,,
上课内容,课程是什么样的,咱们是9天的免费理财课，给同学们专门去普及理财方法与防骗知识的~，你学会掌握了理财知识和方法以后，有机会让咱们每个月有个千八百甚至上千元的额外收益的哈，你听一节课就知道了同学,1,,,
上课内容,课程学什么,咱们是9天的免费理财课，给同学们专门去普及理财方法与防骗知识的~，你学会掌握了理财知识和方法以后，有机会让咱们每个月有个千八百甚至上千元的额外收益的哈，你听一节课就知道了同学,1,,,
上课内容,上的什么课,咱们是9天的免费理财课，给同学们专门去普及理财方法与防骗知识的~，你学会掌握了理财知识和方法以后，有机会让咱们每个月有个千八百甚至上千元的额外收益的哈，你听一节课就知道了同学,1,,,
上课内容,是学什么,咱们是9天的免费理财课，给同学们专门去普及理财方法与防骗知识的~，你学会掌握了理财知识和方法以后，有机会让咱们每个月有个千八百甚至上千元的额外收益的哈，你听一节课就知道了同学,1,,,
上课内容,学什么,咱们是9天的免费理财课，给同学们专门去普及理财方法与防骗知识的~，你学会掌握了理财知识和方法以后，有机会让咱们每个月有个千八百甚至上千元的额外收益的哈，你听一节课就知道了同学,1,,,
上课内容,学什么内容？,咱们是9天的免费理财课，给同学们专门去普及理财方法与防骗知识的~，你学会掌握了理财知识和方法以后，有机会让咱们每个月有个千八百甚至上千元的额外收益的哈，你听一节课就知道了同学,1,,,
上课内容,学习的是什么,咱们是9天的免费理财课，给同学们专门去普及理财方法与防骗知识的~，你学会掌握了理财知识和方法以后，有机会让咱们每个月有个千八百甚至上千元的额外收益的哈，你听一节课就知道了同学,1,,,
上课内容,这是学什么的？,咱们是9天的免费理财课，给同学们专门去普及理财方法与防骗知识的~，你学会掌握了理财知识和方法以后，有机会让咱们每个月有个千八百甚至上千元的额外收益的哈，你听一节课就知道了同学,1,,,
上课内容,不懂做什么让我想想,咱们是9天的免费理财课，给同学们专门去普及理财方法与防骗知识的~，你学会掌握了理财知识和方法以后，有机会让咱们每个月有个千八百甚至上千元的额外收益的哈，你听一节课就知道了同学,1,,,
上课内容,什么课,咱们是9天的免费理财课，给同学们专门去普及理财方法与防骗知识的~，你学会掌握了理财知识和方法以后，有机会让咱们每个月有个千八百甚至上千元的额外收益的哈，你听一节课就知道了同学,1,,,
上课内容,你这个是什么主要,咱们是9天的免费理财课，给同学们专门去普及理财方法与防骗知识的~，你学会掌握了理财知识和方法以后，有机会让咱们每个月有个千八百甚至上千元的额外收益的哈，你听一节课就知道了同学,1,,,
上课内容,什么时候有财商,咱们是9天的免费理财课，给同学们专门去普及理财方法与防骗知识的~，你学会掌握了理财知识和方法以后，有机会让咱们每个月有个千八百甚至上千元的额外收益的哈，你听一节课就知道了同学,1,,,
上课内容,课是几年级的啊,咱们是9天的免费理财课，给同学们专门去普及理财方法与防骗知识的~，你学会掌握了理财知识和方法以后，有机会让咱们每个月有个千八百甚至上千元的额外收益的哈，你听一节课就知道了同学,1,,,
上课内容,你这是什么课堂哦,咱们是9天的免费理财课，给同学们专门去普及理财方法与防骗知识的~，你学会掌握了理财知识和方法以后，有机会让咱们每个月有个千八百甚至上千元的额外收益的哈，你听一节课就知道了同学,1,,,
上课内容,老师，你把讲课内容发过来我看吧,咱们是9天的免费理财课，给同学们专门去普及理财方法与防骗知识的~，你学会掌握了理财知识和方法以后，有机会让咱们每个月有个千八百甚至上千元的额外收益的哈，你听一节课就知道了同学,1,,,
上课内容,课堂讲的是啥题目？,咱们是9天的免费理财课，给同学们专门去普及理财方法与防骗知识的~，你学会掌握了理财知识和方法以后，有机会让咱们每个月有个千八百甚至上千元的额外收益的哈，你听一节课就知道了同学,1,,,
上课内容,谁讲课的老师呢，咋么理财，是要学赚钱？听课完了就领钱吗？,咱们详细来听一节课就明白啦,0,,,
上课时长,上课时间要多久,8点开始，课程时间大概一个多小时,1,,,
上课时长,老师，这第一节是多长时间,8点开始，课程时间大概一个多小时,1,,,
上课时长,老师请问下上课有多少时间？因为我九点要去接小孩下课。,8点开始，课程时间大概一个多小时,1,,,
上课时长,一节课多长时间,8点开始，课程时间大概一个多小时,1,,,
上课时长,请问课时多长,8点开始，课程时间大概一个多小时,1,,,
上课时长,上课要花多少时间呀？,8点开始，课程时间大概一个多小时,1,,,
上课时长,一节课上多长时间？,8点开始，课程时间大概一个多小时,1,,,
上课时长,一节课要花多少时间？,8点开始，课程时间大概一个多小时,1,,,
上课时长,课程时间是多少,8点开始，课程时间大概一个多小时,1,,,
上课时长,每次上课时间是2小时还是？,8点开始，课程时间大概一个多小时,1,,,
上课时长,课程多长时间,8点开始，课程时间大概一个多小时,1,,,
上课时长,要上多久啊,8点开始，课程时间大概一个多小时,1,,,
上课时长,上多长时间啊,8点开始，课程时间大概一个多小时,1,,,
上课时长,第一节是多少时间呢？老师,8点开始，课程时间大概一个多小时,1,,,
上课时长,晚上8点上课上多久？,8点开始，课程时间大概一个多小时,1,,,
上课时长,一节课多少分钟？,8点开始，课程时间大概一个多小时,1,,,
上课时长,上几个小時的課,8点开始，课程时间大概一个多小时,1,,,
上课时长,多少吋间啊？,8点开始，课程时间大概一个多小时,1,,,
上课时长,不是每天抽20分钟吗？,8点开始，课程时间大概一个多小时,1,,,
上课准备,上课需要做什么,咱们准时上课，课程注意听讲，整理听课笔记就可以，接下来这9天我带你学，哪里不明白随时问我~,0,,,
是否有回放,时间不确定，有回放吗,可以听回放，回放出来后我单独发给你，你点击回放链接就可以观看课程,1,,,
是否有回放,老师你好，怎样开通回放功能,可以听回放，回放出来后我单独发给你，你点击回放链接就可以观看课程,1,,,
是否有回放,时间不一定，能回放吗,可以听回放，回放出来后我单独发给你，你点击回放链接就可以观看课程,1,,,
是否有回放,28号回农村老家有事，回去没有网看不了，能不能看回放？,可以听回放，回放出来后我单独发给你，你点击回放链接就可以观看课程,1,,,
是否有回放,可以看回放吗,可以听回放，回放出来后我单独发给你，你点击回放链接就可以观看课程,1,,,
是否有回放,可以听回放吗,可以听回放，回放出来后我单独发给你，你点击回放链接就可以观看课程,1,,,
是否有回放,请问没时间的情况下有回放看吗,可以听回放，回放出来后我单独发给你，你点击回放链接就可以观看课程,1,,,
是否有回放,怎么看回放？,可以听回放，回放出来后我单独发给你，你点击回放链接就可以观看课程,1,,,
是否有回放,可能不行我可以过后观看嘛,可以听回放，回放出来后我单独发给你，你点击回放链接就可以观看课程,1,,,
是否有回放,可能看不见直播，可以看回播吗？,可以听回放，回放出来后我单独发给你，你点击回放链接就可以观看课程,1,,,
是否有回放,能回放还可以,可以听回放，回放出来后我单独发给你，你点击回放链接就可以观看课程,1,,,
是否有回放,如果赶不上是不是还有回放,可以听回放，回放出来后我单独发给你，你点击回放链接就可以观看课程,1,,,
是否有回放,好的老师，我一般都是七点到八点半有时间，可以听回放吗？,可以听回放，回放出来后我单独发给你，你点击回放链接就可以观看课程,1,,,
是否有回放,前面的课没听到，可以发一下回放吗,可以听回放，回放出来后我单独发给你，你点击回放链接就可以观看课程,1,,,
是否有回放,可以看回放么,可以听回放，回放出来后我单独发给你，你点击回放链接就可以观看课程,1,,,
是否有回放,老师您好！我每天晚上都要九点下班，不能准时参加上课，我下班后可以去看回放，可以吗？,可以听回放，回放出来后我单独发给你，你点击回放链接就可以观看课程,1,,,
是否有回放,课程可以回放，反复收听吗？,可以听回放，回放出来后我单独发给你，你点击回放链接就可以观看课程,1,,,
是否有回放,能听回放吗？,可以听回放，回放出来后我单独发给你，你点击回放链接就可以观看课程,1,,,
是否有回放,如果没有空，可以看回放吗？,可以听回放，回放出来后我单独发给你，你点击回放链接就可以观看课程,1,,,
是否有回放,如果星期一我不能看，可以看回放吗？,可以听回放，回放出来后我单独发给你，你点击回放链接就可以观看课程,1,,,
是否有回放,有回放的吗？我可以看完回放再写吗？,可以听回放，回放出来后我单独发给你，你点击回放链接就可以观看课程,1,,,
是否有回放,这个可以回放吗？,可以听回放，回放出来后我单独发给你，你点击回放链接就可以观看课程,1,,,
是否有回放,如果万一有事错过了有回放吗,可以听回放，回放出来后我单独发给你，你点击回放链接就可以观看课程,1,,,
是否有回放,不能安时到了，转夜班半个月，老刘给我发回放吧，能吗？,可以听回放，回放出来后我单独发给你，你点击回放链接就可以观看课程,1,,,
是否有回放,可以回看不？周末一般有点忙,可以听回放，回放出来后我单独发给你，你点击回放链接就可以观看课程,1,,,
是否有回放,那可以录屏发给我吗？我回家之后看，可以吗,可以听回放，回放出来后我单独发给你，你点击回放链接就可以观看课程,1,,,
是否有回放,我在外面，只能听回放了,可以听回放，回放出来后我单独发给你，你点击回放链接就可以观看课程,1,,,
是否有回放,老师，你好！你们安排的教学：视频可不可以回放？让我们自已有时间多看看。因为我们是大龄学员，上一次课不一定就学会。,可以听回放，回放出来后我单独发给你，你点击回放链接就可以观看课程,1,,,
是否有回放,那个时间我在工作没有时间，只能听回放,可以听回放，回放出来后我单独发给你，你点击回放链接就可以观看课程,1,,,
是否有回放,老师，可以，但是我晚上有团队会，时间上有点重复，请问老师有回放吗,可以听回放，回放出来后我单独发给你，你点击回放链接就可以观看课程,1,,,
是否有回放,老师，请问有回放吗，我每天要晚上10点下班？,可以听回放，回放出来后我单独发给你，你点击回放链接就可以观看课程,1,,,
是否有回放,林老师您好，有回放吗,可以听回放，回放出来后我单独发给你，你点击回放链接就可以观看课程,1,,,
是否有回放,能不能回放回回听重听啊,可以听回放，回放出来后我单独发给你，你点击回放链接就可以观看课程,1,,,
是否有回放,可以把直播的视频发给我吗,可以听回放，回放出来后我单独发给你，你点击回放链接就可以观看课程,1,,,
是否有回放,有录播可以听吗？,可以听回放，回放出来后我单独发给你，你点击回放链接就可以观看课程,1,,,
是否有回放,不是说有回放的吗,可以听回放，回放出来后我单独发给你，你点击回放链接就可以观看课程,1,,,
是否有回放,对可以回放吗,可以听回放，回放出来后我单独发给你，你点击回放链接就可以观看课程,1,,,
是否有回放,老师，启牛学堂有回放视频吗？,可以听回放，回放出来后我单独发给你，你点击回放链接就可以观看课程,1,,,
是否有回放,老师有回放吗？,可以听回放，回放出来后我单独发给你，你点击回放链接就可以观看课程,1,,,
是否有回放,万一没有时间可以看回放吗？,可以听回放，回放出来后我单独发给你，你点击回放链接就可以观看课程,1,,,
是否有回放,8点到9点这段时间我没有时间听，我能不能听回访呀,可以听回放，回放出来后我单独发给你，你点击回放链接就可以观看课程,1,,,
是否有回放,能不能发个视频课程,可以听回放，回放出来后我单独发给你，你点击回放链接就可以观看课程,1,,,
是否有回放,有回放吗？,可以听回放，回放出来后我单独发给你，你点击回放链接就可以观看课程,1,,,
是否有回放,那没时间进去呢怎么办呢？？？,可以听回放，回放出来后我单独发给你，你点击回放链接就可以观看课程,1,,,
是否有回放,有没有直播回放理财课程？可能星期五，晚上7:30可能没空，能看直播回放吗？,可以听回放，回放出来后我单独发给你，你点击回放链接就可以观看课程,1,,,
是否有回放,老师:有回放吗？,可以听回放，回放出来后我单独发给你，你点击回放链接就可以观看课程,1,,,
是否有回放,听完后可以再听回放吗？,可以听回放，回放出来后我单独发给你，你点击回放链接就可以观看课程,1,,,
是否有回放,可能听不完课，8点又开始上班，能不能听回放课程？,可以听回放，回放出来后我单独发给你，你点击回放链接就可以观看课程,1,,,
是否有回放,现在没有回放吗,可以听回放，回放出来后我单独发给你，你点击回放链接就可以观看课程,1,,,
是否有回放,不是说有回放吗,可以听回放，回放出来后我单独发给你，你点击回放链接就可以观看课程,1,,,
是否有回放,老师有回放吗,可以听回放，回放出来后我单独发给你，你点击回放链接就可以观看课程,1,,,
是否有回放,哦，有回放的吧,可以听回放，回放出来后我单独发给你，你点击回放链接就可以观看课程,1,,,
是否有回放,晚上没空，可否有回放吗？,可以听回放，回放出来后我单独发给你，你点击回放链接就可以观看课程,1,,,
是否有回放,回头我看回放吧,可以听回放，回放出来后我单独发给你，你点击回放链接就可以观看课程,1,,,
是否有回放,江老师:您好！因有其他事，不能保证，有课程回放吗,可以听回放，回放出来后我单独发给你，你点击回放链接就可以观看课程,1,,,
是否有回放,没时间，可以看回放吗,可以听回放，回放出来后我单独发给你，你点击回放链接就可以观看课程,1,,,
是否有回放,我现在没时间听，可以看回放吗？,可以听回放，回放出来后我单独发给你，你点击回放链接就可以观看课程,1,,,
是否有回放,我早上有时间学，能看回放吗,可以听回放，回放出来后我单独发给你，你点击回放链接就可以观看课程,1,,,
是否有回放,这时间点不能上，能否提早一点，又或者有回放的吗？,可以听回放，回放出来后我单独发给你，你点击回放链接就可以观看课程,1,,,
是否有回放,"老师我此较忙听课有时没时间,能给点回放我抽空学行吗",可以听回放，回放出来后我单独发给你，你点击回放链接就可以观看课程,1,,,
是否有回放,7月5号前我都没时间听课，能换个时间吗，有回放吗,可以听回放，回放出来后我单独发给你，你点击回放链接就可以观看课程,1,,,
是否有回放,不能，有回放吗,可以听回放，回放出来后我单独发给你，你点击回放链接就可以观看课程,1,,,
是否有回放,不能回放吗？,可以听回放，回放出来后我单独发给你，你点击回放链接就可以观看课程,1,,,
是否有回放,不行的，我晚八点有瑜伽课，只能看回放,可以听回放，回放出来后我单独发给你，你点击回放链接就可以观看课程,1,,,
是否有回放,不一定，看回放吧,可以听回放，回放出来后我单独发给你，你点击回放链接就可以观看课程,1,,,
是否有回放,不一定跟得上时间，最好能回放你的讲课内容更好。,可以听回放，回放出来后我单独发给你，你点击回放链接就可以观看课程,1,,,
是否有回放,可以看回放？7:45恐怕不行,可以听回放，回放出来后我单独发给你，你点击回放链接就可以观看课程,1,,,
是否有回放,可以看录播回放吗？,可以听回放，回放出来后我单独发给你，你点击回放链接就可以观看课程,1,,,
是否有回放,老师不可以，有回放吗？,可以听回放，回放出来后我单独发给你，你点击回放链接就可以观看课程,1,,,
是否有回放,老师好！我可以听回放吗,可以听回放，回放出来后我单独发给你，你点击回放链接就可以观看课程,1,,,
是否有回放,晚上参加养生课学习，有冲突，能看回放吗？,可以听回放，回放出来后我单独发给你，你点击回放链接就可以观看课程,1,,,
是否有回放,晚上听不了，有回放吗,可以听回放，回放出来后我单独发给你，你点击回放链接就可以观看课程,1,,,
是否有回放,我可以看回放吗,可以听回放，回放出来后我单独发给你，你点击回放链接就可以观看课程,1,,,
是否有回放,我现在上夜班有回放吗？,可以听回放，回放出来后我单独发给你，你点击回放链接就可以观看课程,1,,,
是否有回放,有回放录播吗？,可以听回放，回放出来后我单独发给你，你点击回放链接就可以观看课程,1,,,
是否有回放,到时候有录像吗,可以听回放，回放出来后我单独发给你，你点击回放链接就可以观看课程,1,,,
是否有回放,能听回播吗？,可以听回放，回放出来后我单独发给你，你点击回放链接就可以观看课程,1,,,
是否有回放,这课程有录播吗？,可以听回放，回放出来后我单独发给你，你点击回放链接就可以观看课程,1,,,
是否有回放,上午好！不好意思，我上晚班，晚8点到早8点，实在报歉！有回放吗？,可以听回放，回放出来后我单独发给你，你点击回放链接就可以观看课程,1,,,
是否有回放,我晚上值班，没有时间听课，只能看回放,可以听回放，回放出来后我单独发给你，你点击回放链接就可以观看课程,1,,,
是否有回放,老师你好，这个什么时候都可以看吧？,可以听回放，回放出来后我单独发给你，你点击回放链接就可以观看课程,1,,,
是否有回放,看回放可以,可以听回放，回放出来后我单独发给你，你点击回放链接就可以观看课程,1,,,
是否有回放,老师知道了，哪个时间我没办法听课，我只有听回放了，我就是一巧不不通，我有关注群消息,可以听回放，回放出来后我单独发给你，你点击回放链接就可以观看课程,1,,,
是否有回放,我8点才下班，回家给孩子做饭，可以看回放,可以听回放，回放出来后我单独发给你，你点击回放链接就可以观看课程,1,,,
是否有回放,请问老师，有回放吗,可以听回放，回放出来后我单独发给你，你点击回放链接就可以观看课程,1,,,
是否有回放,我尽量吧，不是有回放吗,可以听回放，回放出来后我单独发给你，你点击回放链接就可以观看课程,1,,,
是否有回放,老师，时间不合适，有回放吗,可以听回放，回放出来后我单独发给你，你点击回放链接就可以观看课程,1,,,
是否有回放,老师，那个时间我听不成课的，只能听回放，爬楼梯,可以听回放，回放出来后我单独发给你，你点击回放链接就可以观看课程,1,,,
是否有回放,没有回放吗,可以听回放，回放出来后我单独发给你，你点击回放链接就可以观看课程,1,,,
是否有回放,晚上我基本没时间听课，如果有回放，就行，如果没有回放，我就只能退出。,可以听回放，回放出来后我单独发给你，你点击回放链接就可以观看课程,1,,,
是否有回放,我们公司也有课，可能有的时候正好同一个时间也有，听回放可以,可以听回放，回放出来后我单独发给你，你点击回放链接就可以观看课程,1,,,
是否有回放,可以回看吗？我这几天都加班到晚上九点，可能没时间,可以听回放，回放出来后我单独发给你，你点击回放链接就可以观看课程,1,,,
是否有回放,直播？没有回放吗,可以听回放，回放出来后我单独发给你，你点击回放链接就可以观看课程,1,,,
是否有回放,我只能看回放，因为那会儿正忙。我在直播间待多久可以呢,可以听回放，回放出来后我单独发给你，你点击回放链接就可以观看课程,1,,,
是否有回放,有指标工具及学习资料与课程回放吗,可以听回放，回放出来后我单独发给你，你点击回放链接就可以观看课程,1,,,
是否有回放,有回放吗？我不敢保证,可以听回放，回放出来后我单独发给你，你点击回放链接就可以观看课程,1,,,
是否有回放,老师我们的课程有回放吗？,可以听回放，回放出来后我单独发给你，你点击回放链接就可以观看课程,1,,,
是否有回放,老师好，8点没时间，有回放吗,可以听回放，回放出来后我单独发给你，你点击回放链接就可以观看课程,1,,,
是否有回放,老师您好，这个课可以看回放吗,可以听回放，回放出来后我单独发给你，你点击回放链接就可以观看课程,1,,,
是否有回放,老师，能看回放吗？,可以听回放，回放出来后我单独发给你，你点击回放链接就可以观看课程,1,,,
是否有回放,有回放的吗,可以听回放，回放出来后我单独发给你，你点击回放链接就可以观看课程,1,,,
是否有回放,课程有回放吗,可以听回放，回放出来后我单独发给你，你点击回放链接就可以观看课程,1,,,
是否有回放,如果我想重复听可以吗？我怕自己记不住,可以听回放，回放出来后我单独发给你，你点击回放链接就可以观看课程,1,,,
是否有回放,有直播完了的回放吗？,可以听回放，回放出来后我单独发给你，你点击回放链接就可以观看课程,1,,,
是否有用,我年纪大了，学这有用吗？,学这个是一定有用的，因为学习理财可以增加咱们理财知识，您可以听听我们免费课程学习一些基本知识，因为您年纪大了，就不建议继续报名后面的收费课程了。,0,,,
书材质,是纸质/实体版本的么,纸质版的，咱们每天按时上课就可以免费包邮到家了,0,,,
书地址,要把地址发你吧,好的，不要着急啊，开课之后我会统计的,0,,,
书地址,需要我填收货地址么,邮寄给你的书，第一节课准时来上课，第二天上午我会统一登记，然后陆续给你邮寄到家，等我通知吧,0,,,
书地址,这两本书籍包邮需要地址吗,纸质版的理财书连续上课4天就可以发出哈，上完第一天课我会找你登记地址的,0,,,
书内容,是不是巴菲特的书籍,不只是关于巴菲特的，咱们一共9本电子书哈,0,,,
索要回放,老师你给我回放吧？,好的，同学，咱们的课程是有回放的，老师单独给您备注好了，晚上上课的时候您进课堂签到一下，回放我申请好了，到时候单独发您，您记得关注我的消息哈,1,,,
索要回放,那就每晚九点给我放回放好吗？,好的，同学，咱们的课程是有回放的，老师单独给您备注好了，晚上上课的时候您进课堂签到一下，回放我申请好了，到时候单独发您，您记得关注我的消息哈,1,,,
索要回放,你能直接把回放发给我吗？,好的，同学，咱们的课程是有回放的，老师单独给您备注好了，晚上上课的时候您进课堂签到一下，回放我申请好了，到时候单独发您，您记得关注我的消息哈,1,,,
索要回放,我准备去上班呀，你回头给我发回放吧,好的，同学，咱们的课程是有回放的，老师单独给您备注好了，晚上上课的时候您进课堂签到一下，回放我申请好了，到时候单独发您，您记得关注我的消息哈,1,,,
索要回放,上午好！不好意思，我上晚班，晚8点到早8点，实在报歉！有回放吗？,好的，同学，咱们的课程是有回放的，老师单独给您备注好了，晚上上课的时候您进课堂签到一下，回放我申请好了，到时候单独发您，您记得关注我的消息哈,1,,,
索要回放,我在外面，只能听回放了,好的，同学，咱们的课程是有回放的，老师单独给您备注好了，晚上上课的时候您进课堂签到一下，回放我申请好了，到时候单独发您，您记得关注我的消息哈,1,,,
索要回放,老师，可是我8点都没办法上课，要上班。这几天的课程都可以帮我，申请回放吗？,好的，同学，咱们的课程是有回放的，老师单独给您备注好了，晚上上课的时候您进课堂签到一下，回放我申请好了，到时候单独发您，您记得关注我的消息哈,1,,,
索要回放,只能看回放,好的，同学，咱们的课程是有回放的，老师单独给您备注好了，晚上上课的时候您进课堂签到一下，回放我申请好了，到时候单独发您，您记得关注我的消息哈,1,,,
索要回放,直接发回放给我好吗,好的，同学，咱们的课程是有回放的，老师单独给您备注好了，晚上上课的时候您进课堂签到一下，回放我申请好了，到时候单独发您，您记得关注我的消息哈,1,,,
索要回放,我看回放吧,好的，同学，咱们的课程是有回放的，老师单独给您备注好了，晚上上课的时候您进课堂签到一下，回放我申请好了，到时候单独发您，您记得关注我的消息哈,1,,,
索要回放,可以帮我申请回放吗？,好的，同学，咱们的课程是有回放的，老师单独给您备注好了，晚上上课的时候您进课堂签到一下，回放我申请好了，到时候单独发您，您记得关注我的消息哈,1,,,
推荐老师微信,雅丽老师能不能把你推荐给我朋友,不可以的哦,0,,,
推荐老师微信,把你微信推荐给我女儿吗？,不可以的哦,0,,,
退课,最近学业繁忙，上不了课可以把名额退了吗,没关系的，咱们尽量听直播。实在不行的话，老师再帮你安排回放学习吧，您考虑下，如果实在想退您可以联系我,0,,,
退课,老师你好，我考虑一下可能还是不想参加了，感谢你，还是很抱歉,没时间的话，那你可以观看回放的，到时候可以先进入课程签到下，回放出来后我发给你下，你就可以观看回放，如果您实在想退可以在联系我,0,,,
退课,老师，这期不能正常上课了，你还是把名额给其他同学吧！,您时间是有冲突吗？,0,,,
退课,可以不上吗？,什么原因阿？同学,0,,,
退课,我这个年纪听不懂，还是不参与了,同学咱们可以跟着听一节课,0,,,
退课,杨老师，我首先不会投资金了，我是没有资金的，对不起了老师。谢谢老师,咱们报名的是9天的免费课程，寄过去的礼包也是免费的。并且呢，您来学习就是因为您不会您才来学习的，不管学没学会投不投资都是您的事情,0,,,
退课,吳老師，我年紀大了，我不知你們講什麼課，也許我難接受，文化水平低，難以理解，我想算了吧！對不起！,咱们都是大白话讲课，针对小白学员的，千万不用担心哈，你听了第一节课就知道了，您可以听听我们免费的课程学习下理财知识，因为您年纪大了就不建议您报名我们后面的课程了,0,,,
退课,年玲大了学不会谢老师的好心，我就退出了,咱们老师讲课用的都是大白话，非常的通俗易懂，年龄大的也可以学会的，课程也是专门为你小白同学设计的，没有你想的那么难，您可以放心听我们前面的免费课程，因为您年龄大了就不建议您报后面的课程了,0,,,
退课,我上年纪了，学不会，不学了,咱们老师讲课用的都是大白话，非常的通俗易懂，年龄大的也可以学会的，课程也是专门为你小白同学设计的，没有你想的那么难，您可以放心听我们前面的免费课程，因为您年龄大了就不建议您报后面的课程了,0,,,
退课,帮我取消名额吧,怎么啦，为什么要取消啊,0,,,
未成年,那我到多少岁才可以？,18岁以后才可以学习,0,,,
未成年,嗯，可我未成年我才15，我妈也不会上这个课，只不过话说回来未成年可以学吗？,未满十八周岁是没法参与学习的,1,,,
未成年,我未成年，我也不知道什么时候报的课你们是不是找错人了啊,未满十八周岁是没法参与学习的,1,,,
未成年,15岁可以吗？,未满十八周岁是没法参与学习的,1,,,
未成年,老师，我想问一下我才13岁能不能听呀,未满十八周岁是没法参与学习的,1,,,
未成年,老师未满十八岁无法入股怎么办,未满十八周岁是没法参与学习的,1,,,
未成年,未成年可以学吗？,未满十八周岁是没法参与学习的,1,,,
未成年,我上学二年级，我们说客家话,未满十八周岁是没法参与学习的,1,,,
要求调时间,十点以后可以吗,咱们的课程要照顾大多数人的时间，没时间的话，你可以观看回放的，到时候可以先进入课程一下，回放出来后我发给你下，你就可以观看回放,1,,,
要求调时间,这位老师您好：请问一下咱们的上课时间能不能在适当早一点，比如说：6:30分、或者是7点以前可以吗？,咱们的课程要照顾大多数人的时间，没时间的话，你可以观看回放的，到时候可以先进入课程一下，回放出来后我发给你下，你就可以观看回放,1,,,
要求调时间,不可以.能推迟几天吗？,咱们的课程要照顾大多数人的时间，没时间的话，你可以观看回放的，到时候可以先进入课程一下，回放出来后我发给你下，你就可以观看回放,1,,,
要求调时间,可不可以到星期六晚上后再直播？,咱们的课程要照顾大多数人的时间，没时间的话，你可以观看回放的，到时候可以先进入课程一下，回放出来后我发给你下，你就可以观看回放,1,,,
要求调时间,能不能推到8.30,咱们的课程要照顾大多数人的时间，没时间的话，你可以观看回放的，到时候可以先进入课程一下，回放出来后我发给你下，你就可以观看回放,1,,,
要求调时间,能往后延迟几天吗,咱们的课程要照顾大多数人的时间，没时间的话，你可以观看回放的，到时候可以先进入课程一下，回放出来后我发给你下，你就可以观看回放,1,,,
要求调时间,老师可以退后学习吗,咱们的课程要照顾大多数人的时间，没时间的话，你可以观看回放的，到时候可以先进入课程一下，回放出来后我发给你下，你就可以观看回放,1,,,
要求调时间,你不能抽个别的时间讲课吗？,咱们的课程要照顾大多数人的时间，没时间的话，你可以观看回放的，到时候可以先进入课程一下，回放出来后我发给你下，你就可以观看回放,1,,,
要求调时间,没有白天的课吗？，我晩上看不了直播课,咱们的课程要照顾大多数人的时间，没时间的话，你可以观看回放的，到时候可以先进入课程一下，回放出来后我发给你下，你就可以观看回放,1,,,
要求调时间,可以把时间调整一下吗,咱们的课程要照顾大多数人的时间，没时间的话，你可以观看回放的，到时候可以先进入课程一下，回放出来后我发给你下，你就可以观看回放,1,,,
要求调时间,最好是礼拜六，礼拜天上课,咱们的课程要照顾大多数人的时间，没时间的话，你可以观看回放的，到时候可以先进入课程一下，回放出来后我发给你下，你就可以观看回放,1,,,
要求调时间,能推迟到九点吗？,咱们的课程要照顾大多数人的时间，没时间的话，你可以观看回放的，到时候可以先进入课程一下，回放出来后我发给你下，你就可以观看回放,1,,,
要求调时间,十点后有吗？,咱们的课程要照顾大多数人的时间，没时间的话，你可以观看回放的，到时候可以先进入课程一下，回放出来后我发给你下，你就可以观看回放,1,,,
要求调时间,有其它时间的吗,咱们的课程要照顾大多数人的时间，没时间的话，你可以观看回放的，到时候可以先进入课程一下，回放出来后我发给你下，你就可以观看回放,1,,,
要求调时间,还能有再晚一点的时间吗,咱们的课程要照顾大多数人的时间，没时间的话，你可以观看回放的，到时候可以先进入课程一下，回放出来后我发给你下，你就可以观看回放,1,,,
要求调时间,还有别的时间段吗,咱们的课程要照顾大多数人的时间，没时间的话，你可以观看回放的，到时候可以先进入课程一下，回放出来后我发给你下，你就可以观看回放,1,,,
要求调时间,这个时间段我有点忙，有下午课吗？,咱们的课程要照顾大多数人的时间，没时间的话，你可以观看回放的，到时候可以先进入课程一下，回放出来后我发给你下，你就可以观看回放,1,,,
要求调时间,白天有课吗，晚上上不了,咱们的课程要照顾大多数人的时间，没时间的话，你可以观看回放的，到时候可以先进入课程一下，回放出来后我发给你下，你就可以观看回放,1,,,
要求调时间,有下午个课吗,咱们的课程要照顾大多数人的时间，没时间的话，你可以观看回放的，到时候可以先进入课程一下，回放出来后我发给你下，你就可以观看回放,1,,,
要求调时间,不能，改时间行吗？,咱们的课程要照顾大多数人的时间，没时间的话，你可以观看回放的，到时候可以先进入课程一下，回放出来后我发给你下，你就可以观看回放,1,,,
要求调时间,上午能上课吗？为什么偏偏是晚上呢？,咱们的课程要照顾大多数人的时间，没时间的话，你可以观看回放的，到时候可以先进入课程一下，回放出来后我发给你下，你就可以观看回放,1,,,
要求调时间,我服了，为什么不能是上午呢？偏偏是晚上才能上课,咱们的课程要照顾大多数人的时间，没时间的话，你可以观看回放的，到时候可以先进入课程一下，回放出来后我发给你下，你就可以观看回放,1,,,
要求调时间,每天八点我在跳午，能换其它时间吗,咱们的课程要照顾大多数人的时间，没时间的话，你可以观看回放的，到时候可以先进入课程一下，回放出来后我发给你下，你就可以观看回放,1,,,
要求调时间,你好，没有白天的课程吗？,咱们的课程要照顾大多数人的时间，没时间的话，你可以观看回放的，到时候可以先进入课程一下，回放出来后我发给你下，你就可以观看回放,1,,,
要求调时间,有问题。晚上时间照看病重的老父亲。白天中午有时间。您方便吗？,咱们的课程要照顾大多数人的时间，没时间的话，你可以观看回放的，到时候可以先进入课程一下，回放出来后我发给你下，你就可以观看回放,1,,,
要求调时间,我的课程可以帮我安排后一期吗？,咱们的课程要照顾大多数人的时间，没时间的话，你可以观看回放的，到时候可以先进入课程一下，回放出来后我发给你下，你就可以观看回放,1,,,
要求调时间,开课时间可以自己改吗,咱们的课程要照顾大多数人的时间，没时间的话，你可以观看回放的，到时候可以先进入课程一下，回放出来后我发给你下，你就可以观看回放,1,,,
要求调时间,白天有时间吗,咱们的课程要照顾大多数人的时间，没时间的话，你可以观看回放的，到时候可以先进入课程一下，回放出来后我发给你下，你就可以观看回放,1,,,
要求调时间,对不起，张老师，我都是下午2点上班，到晚上11点下班，能不能把时间改在早上8点到十二点之间。,咱们的课程要照顾大多数人的时间，没时间的话，你可以观看回放的，到时候可以先进入课程一下，回放出来后我发给你下，你就可以观看回放,1,,,
要求调时间,有其他时间吗？,咱们的课程要照顾大多数人的时间，没时间的话，你可以观看回放的，到时候可以先进入课程一下，回放出来后我发给你下，你就可以观看回放,1,,,
允诺听课,会按时上课的老师,好嘞，到时候老师会提前通知你，有任何问题，不懂的都可以随时来找我的啊~,1,,,
允诺听课,我吃饱饭再来听课,好嘞，到时候老师会提前通知你，有任何问题，不懂的都可以随时来找我的啊~,1,,,
允诺听课,我会尽力抽时间去听一下,好嘞，到时候老师会提前通知你，有任何问题，不懂的都可以随时来找我的啊~,1,,,
允诺听课,谢谢老师不需要书籍了我有时间就听课,好嘞，到时候老师会提前通知你，有任何问题，不懂的都可以随时来找我的啊~,1,,,
允诺听课,心园老师，早上好！我能准时参加课的，,好嘞，到时候老师会提前通知你，有任何问题，不懂的都可以随时来找我的啊~,1,,,
允诺听课,有时间一定会到,好嘞，到时候老师会提前通知你，有任何问题，不懂的都可以随时来找我的啊~,1,,,
允诺听课,老师晚上好可以上课。,好嘞，到时候老师会提前通知你，有任何问题，不懂的都可以随时来找我的啊~,1,,,
允诺听课,老师好，能准时参加,好嘞，到时候老师会提前通知你，有任何问题，不懂的都可以随时来找我的啊~,1,,,
允诺听课,准时参加,好嘞，到时候老师会提前通知你，有任何问题，不懂的都可以随时来找我的啊~,1,,,
允诺听课,到时候老师请老师提醒一下，谢谢,好嘞，到时候老师会提前通知你，有任何问题，不懂的都可以随时来找我的啊~,1,,,
允诺听课,可以的谢谢老师,好嘞，到时候老师会提前通知你，有任何问题，不懂的都可以随时来找我的啊~,1,,,
允诺听课,每天晚上八点能准时上课,好嘞，到时候老师会提前通知你，有任何问题，不懂的都可以随时来找我的啊~,1,,,
允诺听课,能正时上课，谢谢！,好嘞，到时候老师会提前通知你，有任何问题，不懂的都可以随时来找我的啊~,1,,,
允诺听课,能准时上课！感谢老师！,好嘞，到时候老师会提前通知你，有任何问题，不懂的都可以随时来找我的啊~,1,,,
允诺听课,能准时上课。,好嘞，到时候老师会提前通知你，有任何问题，不懂的都可以随时来找我的啊~,1,,,
允诺听课,哦我看错了，是晚上7.45吗,好嘞，到时候老师会提前通知你，有任何问题，不懂的都可以随时来找我的啊~,1,,,
允诺听课,晚上8点我到时候看吧,好嘞，到时候老师会提前通知你，有任何问题，不懂的都可以随时来找我的啊~,1,,,
允诺听课,晚上八点可以吗？,好嘞，到时候老师会提前通知你，有任何问题，不懂的都可以随时来找我的啊~,1,,,
允诺听课,晚上上课吗？,好嘞，到时候老师会提前通知你，有任何问题，不懂的都可以随时来找我的啊~,1,,,
允诺听课,我一定到课,好嘞，到时候老师会提前通知你，有任何问题，不懂的都可以随时来找我的啊~,1,,,
允诺听课,应该能准时吧,好嘞，到时候老师会提前通知你，有任何问题，不懂的都可以随时来找我的啊~,1,,,
允诺听课,可以准时,好嘞，到时候老师会提前通知你，有任何问题，不懂的都可以随时来找我的啊~,1,,,
允诺听课,我会准时上课的,好嘞，到时候老师会提前通知你，有任何问题，不懂的都可以随时来找我的啊~,1,,,
允诺听课,问卷已经填写将按时上课,好嘞，到时候老师会提前通知你，有任何问题，不懂的都可以随时来找我的啊~,1,,,
允诺听课,老师你好我准时参加,好嘞，到时候老师会提前通知你，有任何问题，不懂的都可以随时来找我的啊~,1,,,
质疑,不是传销吧,不是的，放心哈，咱们启牛被新华网评为“社会公益”优秀案例和年度杰出社会责任企业，这9天课程是针对普通老百姓咱们开展的理.财和防骗免费9天普及活动。,0,,,
质疑,是不是传销啊,不是的，放心哈，咱们启牛被新华网评为“社会公益”优秀案例和年度杰出社会责任企业，这9天课程是针对普通老百姓咱们开展的理.财和防骗免费9天普及活动。,0,,,
质疑,看看到广告了，我觉得是真还是假？我点一下，我是穷人了,不是什么都是假的同学，您是来学习的，不是辨别真假的，学习哪有吃亏的呢,0,,,
质疑,你们不会给我洗了脑吧？,当然不会，因为您问我这个问题，我就知道您是很聪明的一个人，如果说只凭一个课程就能给你洗脑的话，那我们未免也太厉害了。其实主要还是你觉得我们课程讲的好，因为知道老师教的东西是对的，所以你才会有这种感觉，这说明你真的入门了，放心好好学。你会感谢我的,0,,,
质疑,老师，理财是给有钱人学吗,当然不是了，理财是每个人的必修课，哪怕手里有500块钱一个月还有机会获得一些额外收入的，好好学习，争取每个月挣点零花钱,0,,,
质疑,你们是骗子么,当然不是骗子了同学~你看著名演员是我们品牌体验官，还有奥运冠军给我们送过祝福视频，如果是骗子，他们怎么能给我们送祝福，他们可比咱们普通人更重视自己的名声~,1,,,
质疑,不知道这是做什么的，是不是骗人的,当然不是骗子了同学~你看著名演员是我们品牌体验官，还有奥运冠军给我们送过祝福视频，如果是骗子，他们怎么能给我们送祝福，他们可比咱们普通人更重视自己的名声~,1,,,
质疑,浩泽老师你们启牛学堂会不会骗人的,当然不是骗子了同学~你看著名演员是我们品牌体验官，还有奥运冠军给我们送过祝福视频，如果是骗子，他们怎么能给我们送祝福，他们可比咱们普通人更重视自己的名声~,1,,,
质疑,骗人的,当然不是骗子了同学~你看著名演员是我们品牌体验官，还有奥运冠军给我们送过祝福视频，如果是骗子，他们怎么能给我们送祝福，他们可比咱们普通人更重视自己的名声~,1,,,
质疑,只要不是骗局都可以,当然不是骗子了同学~你看著名演员是我们品牌体验官，还有奥运冠军给我们送过祝福视频，如果是骗子，他们怎么能给我们送祝福，他们可比咱们普通人更重视自己的名声~,1,,,
质疑,我怎么相信你不是骗人的？,当然不是骗子了同学~你看著名演员是我们品牌体验官，还有奥运冠军给我们送过祝福视频，如果是骗子，他们怎么能给我们送祝福，他们可比咱们普通人更重视自己的名声~,1,,,
质疑,是真的的吗？,当然是真的，咱们启牛被新华网评为“社会公益”优秀案例和年度杰出社会责任企业，现在开展理财和防骗免费9天普及活动。,0,,,
质疑,是真的吗？,当然是真的呀，9天课和邮寄的礼包都是免费的,0,,,
质疑,这个是真的，不是骗人的吧？,当然是真的呀，9天课和邮寄的礼包都是免费的,0,,,
质疑,当心被骗。,放心，没有哪个骗子敢这么明目张胆，咱们这9天的课程，包括给你邮寄的书籍都是不交钱的哈,1,,,
质疑,真实可靠吗,放心，没有哪个骗子敢这么明目张胆，咱们这9天的课程，包括给你邮寄的书籍都是不交钱的哈,1,,,
质疑,不是骗人的吧，现在骗子那么多,放心，没有哪个骗子敢这么明目张胆，咱们这9天的课程，包括给你邮寄的书籍都是不交钱的哈,1,,,
质疑,你们是骗子么,放心，没有哪个骗子敢这么明目张胆，咱们这9天的课程，包括给你邮寄的书籍都是不交钱的哈,1,,,
质疑,是不是假的？,放心，没有哪个骗子敢这么明目张胆，咱们这9天的课程，包括给你邮寄的书籍都是不交钱的哈,1,,,
质疑,是不是骗人的,放心，没有哪个骗子敢这么明目张胆，咱们这9天的课程，包括给你邮寄的书籍都是不交钱的哈,1,,,
质疑,靠谱吗？老师,放心学我们是上市公司旗下的品牌,0,,,
质疑,就是咱们这个理财，你们这些公司都是正规公司吗？,嗯嗯，放心哈，咱们启牛被新华网评为“社会公益”优秀案例和年度杰出社会责任企业，这9天课程是针对普通老百姓咱们开展的理.财和防骗免费9天普及活动。,0,,,
质疑,请问你们这个是正宗的平台吗？,是合法合规的,0,,,
质疑,你们是骗子么,同学，你看看官方的正规报道吧。咱们启牛和中国消费者协会专门开展过【数字金融领域销售者权益保护研讨会】，也和支付宝用户保护中心联合开展用户保护防骗的，每天都会为大家普及防骗知识。,0,,,
质疑,不相信能赚钱,同学，你像支付宝、微信上面都会有，你可以去搜一下，都可以搜的到、不是说好赚吗，而是说你要先懂方法，不懂你肯定就赚不到钱、对不对而且小钱小理财、这几天的课程就是教你方法，教会了你再去用,0,,,
质疑,你们是骗子么,同学，我们启牛开了这么长时间，为什么会这么认为呢？,0,,,
质疑,这个看了能赚钱吗,咱们教你的就是理财的技巧和方法,0,,,
质疑,我可以看下教师资格证吗,晚上课程老师会介绍的,0,,,
质疑,有没有什么套路,无任何套路，你放心学习就行,0,,,
质疑,你们不会给我洗了脑吧？,洗什么脑呀同学，咱是学习正规的理财知识，而且咱是正规的公司，给你洗脑干什么呀,0,,,
质疑,这九天什么都没有,学到很多理财知识呀,0,,,
质疑,知道了，等我了解下是不是真实性，毕竟广告太多了,因为我们的启牛学堂已经发展好几年了，光学员就已经有几千万，这个是可以放心的啊,0,,,
质疑,那你们图个啥？你们也得吃饭啊！,因为咱们启牛被新华网评为“社会公益”优秀案例和年度杰出社会责任企业，这9天课程是针对普通老百姓咱们开展的理.财和防骗免.费9天普及活动哈,0,,,
质疑,今也没讲什么实际的东西，就是光讲，理财的好处，,因为这才是咱们的第一节课，老师那先给大家讲一下理财能给大家带来什么，为什么要学习理财哈。,0,,,
质疑,没讲怎么样理财，理财的方法,因为这才是咱们的第一节课，老师那先给大家讲一下理财能给大家带来什么，为什么要学习理财哈。,0,,,
质疑,这九天什么都没有,咱们从基础的理财知识，银行理财，国债国债逆回购、ETF、基金股票都会讲到的哈，你就好好学，有啥不懂的及时来问我，好吧,0,,,
质疑,讲的那些好像没什么用,怎么没有用呢,0,,,
质疑,你们怎么搞的跟传销一样，一直让别人发，一天让别人在群里发一百遍，我不是打过卡了么,这不是提醒你吗~,0,,,
质疑,你们不会给我洗了脑吧？,这点您放心，没有人能几天给你洗脑，你不认可别人说啥都没用，你认可是因为你也知道自己需要理财，正规理财，是一辈子的，好好学就行,0,,,